Frame;Time;HeadPosition_x;HeadPosition_y;HeadPosition_z;HeadRotation_x;HeadRotation_y;HeadRotation_z;HandDetectedR;HighConfidenceR;RHandPosition_x;RHandPosition_y;RHandPosition_z;RHandRotation_x;RHandRotation_y;RHandRotation_z;RHandVelocity_x;RHandVelocity_y;RHandVelocity_z;RWristTwist;HandDetectedL;HighConfidenceL;LHandPosition_x;LHandPosition_y;LHandPosition_z;LHandRotation_x;LHandRotation_y;LHandRotation_z;LHandVelocity_x;LHandVelocity_y;LHandVelocity_z;LWristTwist
25480;12,84025;15,0435;1,2012;0,0817;354,7204;262,1592;0,6184;True;True;0,0000;0,0000;0,0000;0,0000;90,0000;0,0000;0,0000;0,0000;0,0000;135,4205;True;True;-0,1067;0,8342;0,1645;278,6846;172,5697;138,3839;2,2572;1,0051;-2,4736;162,4584;
25485;12,86525;15,0392;1,1994;0,0672;355,7866;262,3919;2,5084;True;True;0,0000;0,0000;0,0000;0,0000;90,0000;0,0000;0,0000;0,0000;0,0000;137,2155;True;True;-0,1082;0,7887;0,1653;274,6800;329,9236;356,2259;1,0495;-3,3918;1,8817;158,3551;
25490;12,89025;15,0364;1,1990;0,0540;356,4374;262,9376;3,9804;True;True;0,0000;0,0000;0,0000;0,0000;90,0000;0,0000;0,0000;0,0000;0,0000;139,0430;True;True;-0,0936;0,7835;0,1625;282,3549;345,6128;342,1746;0,1029;0,4073;-0,1757;156,9830;
25495;12,91525;15,0344;1,1982;0,0441;356,7856;263,8794;4,5683;True;True;0,0000;0,0000;0,0000;0,0000;90,0000;0,0000;0,0000;0,0000;0,0000;140,2978;True;True;-0,0853;0,7699;0,1598;290,5089;330,2245;358,5064;-0,3234;-1,8081;0,7995;159,6765;
31015;12,94025;15,0747;1,2137;0,0453;354,9407;273,8346;3,1233;True;True;0,3087;0,7621;0,0119;21,5109;56,4023;339,3141;61,7301;152,4152;2,3715;-166,5567;True;True;-0,0551;0,7501;0,1470;312,8597;120,7549;210,0640;5,5896;-1,6944;-3,3659;160,6319;
31020;12,96525;15,0741;1,2136;0,0442;354,8423;273,3925;3,2549;True;True;0,3070;0,7639;0,0109;19,8397;57,3974;339,7338;-0,5137;-0,1043;-0,0093;-168,3364;True;True;-0,0554;0,7481;0,1460;317,5247;129,5714;202,8551;-0,0558;-0,1822;0,0456;160,2345;
31025;12,99025;15,0735;1,2136;0,0435;354,8055;273,2463;3,3405;True;True;0,3058;0,7630;0,0102;24,1870;58,2428;336,7762;0,0398;-0,0354;-0,0372;-168,0266;True;True;-0,0571;0,7480;0,1465;317,5619;131,1173;203,4227;0,0665;0,1174;0,0510;162,2671;
31030;13,01525;15,0732;1,2137;0,0435;354,8054;273,2321;3,3851;True;True;0,3063;0,7641;0,0104;19,2710;57,1801;340,7878;0,0455;-0,0191;0,0389;-167,8260;True;True;-0,0515;0,7552;0,1454;316,8688;119,8746;210,9117;0,0062;0,0722;-0,1650;157,6891;
31035;13,04025;15,0733;1,2137;0,0432;354,8751;273,0128;3,4091;True;True;0,3082;0,7641;0,0123;20,8227;57,6284;341,2908;0,1699;0,0510;-0,0710;-168,7598;True;True;-0,0568;0,7496;0,1484;316,0496;130,3702;204,6874;-0,2342;-0,2742;0,2379;159,9690;
31040;13,06525;15,0737;1,2137;0,0428;354,9930;272,9711;3,5195;True;True;0,3072;0,7589;0,0119;19,7463;54,9443;338,0161;0,0203;-0,1735;0,1065;-169,4510;True;True;-0,0570;0,7475;0,1484;317,6487;128,4899;205,1220;-0,0397;0,0002;-0,1132;161,8626;
31045;13,09025;15,0737;1,2136;0,0427;355,1433;272,9988;3,5378;True;True;0,3111;0,7577;0,0144;23,6782;54,8445;340,2470;-0,0520;0,0842;0,0761;-164,5527;True;True;-0,0567;0,7488;0,1478;312,0498;121,6388;210,5623;0,0189;-0,0451;-0,0357;159,7830;
31050;13,11525;15,0734;1,2132;0,0423;355,4738;273,0130;3,6495;True;True;0,3083;0,7590;0,0150;23,0248;54,6692;340,8904;0,0567;0,1177;-0,1680;-168,0624;True;True;-0,0578;0,7464;0,1464;321,4261;136,0475;197,4526;-0,1707;-0,0903;-0,0455;162,1571;
31055;13,14025;15,0720;1,2108;0,0412;355,9752;273,6346;3,7345;True;True;0,3111;0,7635;0,0116;18,0265;54,5420;340,5268;0,0385;0,1323;-0,0284;-167,1469;True;True;-0,0567;0,7469;0,1470;316,9782;129,8692;205,2372;0,0082;0,0036;-0,0121;163,2412;
31060;13,16525;15,0655;1,2062;0,0417;357,0581;276,9547;3,6148;True;True;0,3129;0,7669;0,0140;25,3912;54,1262;340,4709;0,0723;0,1788;0,1486;-166,5370;True;True;-0,0557;0,7501;0,1509;313,1610;124,3287;207,6767;0,0725;0,1272;0,0409;160,2157;
31065;13,19025;15,0588;1,1986;0,0461;1,9834;282,9936;2,0718;True;True;0,3243;0,7707;0,0170;36,1236;47,8061;331,5885;0,6131;-0,0852;0,4263;-165,2348;True;True;-0,0546;0,7517;0,1528;319,7814;133,1698;201,2119;-0,2513;-0,1506;-0,0714;160,2742;
31070;13,21525;15,0541;1,1948;0,0535;4,1302;290,1674;0,3843;True;True;0,0000;0,0000;0,0000;0,0000;90,0000;0,0000;-96,0831;-174,9689;-20,1200;159,9500;True;True;-0,0541;0,7522;0,1517;309,0016;95,7284;232,6147;0,0549;0,0579;-0,2982;149,4817;
31075;13,24026;15,0460;1,1906;0,0690;4,8689;299,8507;359,9418;True;True;0,5216;0,8861;0,1376;62,0400;130,6307;10,6137;10,7566;-6,2546;6,8804;165,4576;True;True;-0,0647;0,7475;0,1512;306,1389;82,1623;245,5602;-0,4177;-0,0351;0,1072;140,5590;
31080;13,26526;15,0325;1,1847;0,0847;5,5333;306,1029;359,8579;True;True;0,5759;0,8695;0,1181;57,5225;163,5649;26,5551;-8,8174;10,1391;-4,0603;154,1372;True;True;-0,0837;0,7423;0,1608;311,8993;142,9527;194,1155;-0,2779;-0,3656;-0,2063;148,5910;
31085;13,29026;15,0230;1,1751;0,1031;8,0947;312,0189;2,0217;True;True;0,5590;0,9643;0,1600;46,7763;132,2028;4,4726;0,2760;0,0405;2,0305;153,1999;True;True;-0,1056;0,7689;0,1536;298,4542;41,0734;285,2979;0,1749;2,0068;-0,4935;139,5055;
31090;13,31526;15,0180;1,1701;0,1152;10,5432;317,4223;3,9067;True;True;0,5712;0,9385;0,1624;49,2013;130,7957;359,1915;4,2318;-3,9005;3,6179;153,6988;True;True;-0,1020;0,7642;0,1317;296,6877;93,4471;245,7004;0,2419;0,0451;-0,3860;140,0934;
31095;13,34026;15,0135;1,1671;0,1188;11,1011;316,9962;4,0215;True;True;0,6021;0,8908;0,1620;68,4734;129,6433;4,8902;-0,6423;-1,1765;-0,0856;160,1617;True;True;-0,1111;0,7589;0,1619;303,9541;85,1947;260,3281;-0,5808;-0,1110;-0,1584;130,8496;
31100;13,36526;15,0091;1,1653;0,1199;11,5661;314,6834;3,7057;True;True;0,6029;0,8506;0,1535;69,0546;165,2567;36,2580;-1,4654;2,1406;-0,2922;152,6098;True;True;-0,1396;0,7778;0,1599;297,7936;76,4353;260,4907;-0,2555;-0,2446;0,3298;134,2281;
31105;13,39026;15,0047;1,1663;0,1193;11,7630;310,6020;4,2532;True;True;0,5716;0,8294;0,1599;71,1894;148,9024;22,7150;-1,2172;-0,1900;0,0116;161,4507;True;True;-0,1578;0,7788;0,1639;294,9033;61,3861;272,2222;0,0169;-0,4163;0,1651;137,6677;
31110;13,41526;14,9951;1,1744;0,1026;7,1517;294,0367;3,5240;True;True;0,5091;0,8158;0,1392;81,8008;64,7730;317,7271;-2,3998;-0,8688;-0,8354;164,7769;True;True;-0,1669;0,7783;0,1654;295,7153;61,4579;266,3258;-0,4629;-0,0608;0,3360;138,3572;
31115;13,44026;14,9970;1,1810;0,0847;5,1037;278,3100;0,7227;True;True;0,4275;0,7984;0,0835;71,3392;57,1293;329,8988;-3,1526;-2,1685;-3,6763;163,7781;True;True;-0,1587;0,7845;0,1691;298,1213;50,6678;269,7710;0,3614;1,5115;-0,3004;136,9430;
31120;13,46526;15,0065;1,1827;0,0781;4,8862;273,1866;0,5675;True;True;0,3389;0,8210;0,0430;48,2995;47,1737;338,3676;-3,4616;-0,6153;-1,1196;158,7871;True;True;-0,1575;0,7826;0,1650;288,8018;57,0289;266,1520;0,3301;-0,3532;-0,0253;144,1382;
31125;13,49026;15,0172;1,1855;0,0737;4,1779;273,0349;1,3260;True;True;0,3228;0,7977;0,0131;60,5924;21,7199;323,4638;0,6846;0,1436;-0,5897;160,8015;True;True;-0,1372;0,7581;0,1634;285,9709;66,8144;256,4926;1,1515;-0,9228;0,4086;148,5340;
31130;13,51526;15,0288;1,1905;0,0672;3,0708;274,3994;1,8283;True;True;0,3264;0,7948;-0,0094;59,3345;18,9375;315,0648;0,2551;-0,4497;-0,9792;-162,6792;True;True;-0,1146;0,7574;0,1560;281,0775;27,1157;298,6316;0,6366;-0,4204;-0,0827;154,1374;
31135;13,54026;15,0368;1,1945;0,0573;2,5046;274,9006;2,8664;True;True;0,3318;0,7956;-0,0099;61,8081;33,1779;323,4406;0,0522;-0,4739;0,4923;-167,6332;True;True;-0,0946;0,7502;0,1533;282,8565;40,1531;284,3236;-0,1987;-0,3975;-0,3375;158,3987;
31140;13,56526;15,0405;1,1960;0,0466;2,1797;274,2681;3,7200;True;True;0,3218;0,7841;-0,0081;49,9418;48,4331;334,7632;0,0779;-0,5266;0,1251;-170,2141;True;True;-0,0985;0,7532;0,1543;288,4316;52,2093;275,2354;-0,5467;0,4577;0,5837;153,8376;
31145;13,59026;15,0425;1,1975;0,0371;1,5940;273,0382;4,4261;True;True;0,3238;0,7929;-0,0052;51,1035;56,0240;339,7724;0,0919;0,5290;-0,0924;-175,2013;True;True;-0,1022;0,7494;0,1515;286,7930;72,9024;251,6973;0,0217;-0,0458;-0,1823;154,6759;
31150;13,61526;15,0436;1,1983;0,0299;1,2596;271,7142;5,2087;True;True;0,3270;0,7988;-0,0012;56,1894;61,5818;349,0926;0,1208;-0,0854;0,1487;175,1144;True;True;-0,1078;0,7473;0,1480;292,2972;109,8073;218,9446;-0,2138;-0,1570;-0,0904;154,0973;
31155;13,64026;15,0454;1,1991;0,0262;1,0205;271,1731;5,6460;True;True;0,3268;0,7996;-0,0030;63,4672;62,5093;347,9221;-0,5294;-0,2457;-0,0138;174,2924;True;True;-0,1053;0,7470;0,1535;292,9713;82,1388;246,7143;0,2769;0,5115;0,4641;157,4941;
31160;13,66527;15,0476;1,2000;0,0241;0,7247;270,2043;5,6665;True;True;0,3225;0,8024;-0,0078;62,3761;64,6337;346,4382;-0,4394;-0,0948;-0,3944;175,8481;True;True;-0,1059;0,7482;0,1545;296,1794;80,7550;244,5228;-0,1885;-0,0041;-0,1714;155,0517;
31165;13,69027;15,0501;1,2004;0,0233;0,5917;269,8161;5,5683;True;True;0,3288;0,7947;-0,0045;58,2936;64,9869;347,5602;1,0945;-0,3207;0,3818;174,5855;True;True;-0,1077;0,7422;0,1562;291,2865;67,8404;257,0098;-0,2657;-0,3219;0,0420;156,1970;
31170;13,71527;15,0515;1,2010;0,0236;0,7145;268,2869;5,1776;True;True;0,3314;0,7859;-0,0058;57,4343;66,9589;352,6442;0,2208;-0,3202;0,1605;175,2625;True;True;-0,1072;0,7421;0,1560;290,3992;48,7434;274,1165;0,0593;0,0248;0,0171;156,4844;
31175;13,74027;15,0512;1,2001;0,0263;1,7011;264,3203;3,7539;True;True;0,3254;0,8176;-0,0114;52,9290;63,8769;348,6866;0,0179;-0,8085;0,1638;177,0152;True;True;-0,1093;0,7436;0,1591;279,6008;68,0085;254,4504;-0,5478;0,3062;0,6763;158,9402;
31180;13,76527;15,0492;1,1982;0,0328;2,1454;258,5685;0,9548;True;True;0,3619;0,8136;-0,0158;60,5561;65,4193;350,0016;3,3260;0,0687;-0,6374;174,1602;True;True;-0,1634;0,7837;0,1612;281,6687;178,4844;134,7189;-3,5979;4,6551;0,3571;168,8056;
31185;13,79027;15,0466;1,1942;0,0391;3,3823;252,6996;357,8061;True;True;0,4047;0,8260;-0,0230;59,7115;79,9971;356,8199;1,8725;-0,9153;-0,3226;168,9066;True;True;-0,2357;0,8499;0,1703;277,8874;193,2766;103,5214;-1,9470;3,9840;1,5045;172,7883;
31190;13,81527;15,0421;1,1941;0,0369;1,3844;247,4515;357,3526;True;True;0,4412;0,8261;-0,0528;54,4093;109,8280;9,0240;1,7369;0,4945;-1,7273;163,9564;True;True;-0,3591;0,8475;0,1711;285,7666;135,0549;140,6958;-6,6338;1,0103;-0,8687;174,1794;
31195;13,84027;15,0348;1,1945;0,0280;0,5118;243,2218;357,1768;True;True;0,0000;0,0000;0,0000;0,0000;90,0000;0,0000;-94,5923;-164,8555;13,0501;148,9464;True;True;-0,4731;0,9893;0,1842;281,6699;96,0375;166,3838;-4,1548;7,4735;-1,3193;168,5727;
31200;13,86527;15,0283;1,1958;0,0223;1,7248;242,0063;354,1264;True;True;0,6560;0,6973;-0,0135;5,6399;183,3134;29,5473;-2,3356;1,7148;-1,9890;126,8750;True;True;-0,5553;0,9862;0,2127;279,5694;244,7129;357,5277;3,9725;-0,7784;-1,1076;155,3798;
31205;13,89027;15,0259;1,1938;0,0188;1,5460;241,9505;350,0700;True;True;0,6741;0,6920;-0,0331;2,2846;194,4633;32,3276;0,0309;0,0257;-0,4479;132,0502;True;True;-0,5036;1,0900;0,1868;283,1307;305,1878;274,1987;0,2865;1,8019;-1,5957;126,8568;
31210;13,91527;15,0296;1,1878;0,0103;2,9406;242,0824;347,1795;True;True;0,0000;0,0000;0,0000;0,0000;90,0000;0,0000;0,0000;0,0000;0,0000;135,2415;True;True;-0,5271;1,0931;0,1631;277,7619;320,8226;270,3565;0,3695;-0,3302;0,1189;141,2574;
31215;13,94027;15,0365;1,1886;0,0012;4,2978;243,4331;347,0398;True;True;0,0000;0,0000;0,0000;0,0000;90,0000;0,0000;0,0000;0,0000;0,0000;135,1595;True;True;-0,4925;1,0840;0,1701;282,6970;234,6854;359,6108;-0,1161;-0,6134;-0,6642;149,5495;
31220;13,96527;15,0447;1,1913;-0,0077;4,9178;243,4342;348,1301;True;True;0,0000;0,0000;0,0000;0,0000;90,0000;0,0000;0,0000;0,0000;0,0000;135,4654;True;True;-0,4961;1,0230;0,1765;284,0699;258,0452;331,1544;0,8451;-3,6961;2,0759;145,5280;
31225;13,99027;15,0504;1,1919;-0,0217;4,6853;241,6925;349,9521;True;True;0,0000;0,0000;0,0000;0,0000;90,0000;0,0000;0,0000;0,0000;0,0000;136,0997;True;True;-0,4454;0,9653;0,1940;279,8052;302,4229;297,3276;6,9843;-2,0143;0,2978;143,2747;
31230;14,01527;15,0522;1,1889;-0,0447;6,0030;238,0825;354,3760;True;True;0,0000;0,0000;0,0000;0,0000;90,0000;0,0000;0,0000;0,0000;0,0000;135,5679;True;True;-0,3138;0,8755;0,2182;288,4359;243,1989;19,8740;9,0146;-3,8940;-1,6232;153,5375;
31235;14,04027;15,0462;1,1842;-0,0634;7,3074;238,2474;0,2295;True;True;0,0000;0,0000;0,0000;0,0000;90,0000;0,0000;0,0000;0,0000;0,0000;139,7272;True;True;-0,1916;0,8133;0,2362;297,8044;253,0020;40,5649;2,5675;-2,7882;2,5996;167,5401;
31240;14,06527;15,0346;1,1801;-0,0689;7,6724;244,7969;4,7009;True;True;0,0000;0,0000;0,0000;0,0000;90,0000;0,0000;0,0000;0,0000;0,0000;141,9520;True;True;-0,1013;0,7974;0,2353;294,5424;285,4364;23,2655;4,0836;-2,3280;1,1593;169,8563;
31245;14,09027;15,0269;1,1783;-0,0663;8,9467;251,9896;7,0548;True;True;0,0000;0,0000;0,0000;0,0000;90,0000;0,0000;0,0000;0,0000;0,0000;144,0114;True;True;-0,0784;0,7987;0,2313;304,7874;298,5674;20,8787;0,2009;-1,2360;0,8298;168,3032;
31250;14,11528;15,0276;1,1812;-0,0590;7,0940;256,7332;7,6681;True;True;0,0000;0,0000;0,0000;0,0000;90,0000;0,0000;0,0000;0,0000;0,0000;145,3398;True;True;-0,1054;0,7971;0,2442;293,4393;288,7231;37,4745;-2,2435;-0,1694;0,5825;171,7360;
31255;14,14028;15,0326;1,1861;-0,0485;5,8800;259,8302;6,8939;True;True;0,0000;0,0000;0,0000;0,0000;90,0000;0,0000;0,0000;0,0000;0,0000;145,3552;True;True;-0,1365;0,7636;0,2396;295,1858;297,8731;27,0690;-4,2193;-5,3775;-0,5015;-171,0956;
31260;14,16528;15,0416;1,1892;-0,0403;5,3763;262,0510;6,0829;True;True;0,0000;0,0000;0,0000;0,0000;90,0000;0,0000;0,0000;0,0000;0,0000;144,7275;True;True;-0,1506;0,7373;0,2175;289,4365;358,5753;315,4029;0,3814;0,5183;0,4436;165,2554;
31265;14,19028;15,0492;1,1925;-0,0339;3,9051;263,9701;6,5173;True;True;0,0000;0,0000;0,0000;0,0000;90,0000;0,0000;0,0000;0,0000;0,0000;143,8723;True;True;-0,1423;0,7570;0,2159;288,8936;357,4432;319,5176;0,2921;0,1690;-0,0767;159,8199;
31270;14,21528;15,0518;1,1947;-0,0299;3,4286;265,0277;7,3582;True;True;0,0000;0,0000;0,0000;0,0000;90,0000;0,0000;0,0000;0,0000;0,0000;143,3865;True;True;-0,1234;0,7583;0,2087;287,8683;356,1411;323,4582;1,0873;0,1825;-0,1981;159,7117;
31275;14,24028;15,0532;1,1958;-0,0254;2,7833;264,3148;7,7357;True;True;0,0000;0,0000;0,0000;0,0000;90,0000;0,0000;0,0000;0,0000;0,0000;142,1923;True;True;-0,1054;0,7598;0,2066;287,2289;2,6869;319,6808;0,2385;0,2416;0,0203;159,3484;
31280;14,26528;15,0520;1,1980;-0,0169;1,7809;265,2628;8,1281;True;True;0,0000;0,0000;0,0000;0,0000;90,0000;0,0000;0,0000;0,0000;0,0000;140,8352;True;True;-0,1010;0,7583;0,2081;292,1599;9,9175;315,6616;-0,0441;-0,3612;0,1318;155,2544;
31285;14,29028;15,0513;1,1989;-0,0103;1,9275;265,9093;7,5399;True;True;0,0000;0,0000;0,0000;0,0000;90,0000;0,0000;0,0000;0,0000;0,0000;140,3080;True;True;-0,0998;0,7490;0,2085;297,1105;20,5313;304,2089;0,0923;-0,1639;-0,1678;151,6743;
31290;14,31528;15,0519;1,1991;-0,0041;1,6744;265,6745;7,0418;True;True;0,0000;0,0000;0,0000;0,0000;90,0000;0,0000;0,0000;0,0000;0,0000;139,2532;True;True;-0,0973;0,7481;0,2060;293,9536;55,6898;266,4663;0,0995;-0,0133;-0,0313;151,7014;
31295;14,34028;15,0533;1,2000;0,0036;1,6049;267,0762;6,6372;True;True;0,0000;0,0000;0,0000;0,0000;90,0000;0,0000;0,0000;0,0000;0,0000;138,5204;True;True;-0,0966;0,7479;0,2085;295,4078;76,4302;245,8949;0,1335;0,0860;0,1400;154,6362;
31300;14,36528;15,0555;1,2003;0,0117;2,0832;265,7772;4,9217;True;True;0,3291;0,8234;-0,0330;82,4456;16,9758;307,6420;65,8160;164,6869;-6,6018;137,6819;True;True;-0,0966;0,7485;0,2106;295,8187;64,7737;258,2583;0,0592;-0,0367;-0,0760;153,8983;
31305;14,39028;15,0583;1,2021;0,0227;1,5217;260,8665;1,5652;True;True;0,3504;0,7924;-0,0401;75,7888;18,9475;302,2158;-0,2469;1,2658;1,0355;165,2835;True;True;-0,1096;0,7516;0,2159;291,2971;70,1301;250,9401;-0,8360;0,6196;0,1136;155,6080;
31310;14,41528;15,0603;1,2040;0,0375;359,6082;254,9858;358,5259;True;True;0,3864;0,8079;-0,0557;80,4816;3,6253;285,1203;0,9004;0,7386;-1,0038;165,1420;True;True;-0,1560;0,7683;0,2234;286,0838;121,5798;187,5886;-1,0566;-0,6155;1,1889;168,1557;
31315;14,44028;15,0626;1,2055;0,0460;356,2395;245,3866;356,4164;True;True;0,3706;0,8171;-0,0563;78,3659;3,4666;278,9349;-2,1272;0,1459;0,1352;166,9078;True;True;-0,2185;0,8075;0,2061;275,7673;235,3867;60,9034;-3,1840;-0,3037;0,3504;174,6309;
31320;14,46528;15,0606;1,2086;0,0469;350,8545;238,2267;356,2652;True;True;0,0000;0,0000;0,0000;0,0000;90,0000;0,0000;-64,3445;-164,1630;12,3192;165,0385;True;True;-0,2865;0,8118;0,2016;282,9135;187,9189;92,9815;-2,1023;0,2497;-0,8870;-178,5510;
31325;14,49028;15,0528;1,2072;0,0434;353,2937;238,3430;0,3809;True;True;0,0000;0,0000;0,0000;0,0000;90,0000;0,0000;0,0000;0,0000;0,0000;164,2629;True;True;-0,3455;0,8571;0,1753;285,2855;193,3877;80,2065;-3,3880;3,0876;-1,9205;-175,5149;
31330;14,51528;15,0458;1,2019;0,0317;356,9357;236,1035;0,2454;True;True;0,0000;0,0000;0,0000;0,0000;90,0000;0,0000;0,0000;0,0000;0,0000;161,2513;True;True;-0,4880;1,0095;0,1458;272,5652;152,4768;111,6463;-4,8650;7,6729;-1,8106;167,7146;
31335;14,54029;15,0351;1,1982;0,0161;359,1657;237,7599;359,0483;True;True;0,0000;0,0000;0,0000;0,0000;90,0000;0,0000;0,0000;0,0000;0,0000;153,9504;True;True;-0,5338;1,0655;0,1336;282,2281;194,3659;30,8745;-0,1845;2,1908;-0,6572;157,4023;
31340;14,56529;15,0318;1,1927;0,0047;359,9348;233,7390;354,5501;True;True;0,0000;0,0000;0,0000;0,0000;90,0000;0,0000;0,0000;0,0000;0,0000;160,4876;True;True;-0,5663;1,1908;0,0788;282,4590;67,4656;165,6647;-3,8941;1,2655;-0,1652;144,9526;
31345;14,59029;15,0325;1,1882;-0,0022;1,6035;230,7435;352,2860;True;True;0,0000;0,0000;0,0000;0,0000;90,0000;0,0000;0,0000;0,0000;0,0000;159,7017;True;True;-0,4630;1,1984;0,1254;286,5769;171,2008;59,5756;4,9882;-1,6574;1,1817;146,4247;
31350;14,61529;15,0383;1,1899;-0,0072;2,3353;232,3822;355,4409;True;True;0,0000;0,0000;0,0000;0,0000;90,0000;0,0000;0,0000;0,0000;0,0000;161,4787;True;True;-0,4545;1,1224;0,1020;282,5956;166,6305;83,4169;-1,0143;-3,5056;-1,4127;146,3158;
31355;14,64029;15,0424;1,1895;-0,0067;2,3145;232,2169;357,9821;True;True;0,0000;0,0000;0,0000;0,0000;90,0000;0,0000;0,0000;0,0000;0,0000;162,2188;True;True;-0,4827;1,0393;0,1242;275,2712;157,3417;104,8692;2,0807;-5,4271;1,7616;149,4868;
31360;14,66529;15,0397;1,1907;0,0025;1,8593;233,4884;358,7011;True;True;0,0000;0,0000;0,0000;0,0000;90,0000;0,0000;0,0000;0,0000;0,0000;162,6506;True;True;-0,4836;0,9711;0,1386;276,4998;3,3758;255,3235;1,1168;-3,0973;-1,1892;152,6874;
31365;14,69029;15,0331;1,1906;0,0172;1,8212;238,8347;0,0570;True;True;0,0000;0,0000;0,0000;0,0000;90,0000;0,0000;0,0000;0,0000;0,0000;162,9367;True;True;-0,4070;0,9351;0,1649;284,4561;57,5860;214,6369;6,5090;0,7350;-1,6187;153,0497;
31370;14,71529;15,0260;1,1917;0,0391;1,9619;252,1128;1,7576;True;True;0,0000;0,0000;0,0000;0,0000;90,0000;0,0000;0,0000;0,0000;0,0000;158,0559;True;True;-0,3532;0,8647;0,2069;270,8518;277,1302;13,2695;2,9706;-4,1133;1,6311;154,7509;
31375;14,74029;15,0249;1,1928;0,0505;1,2770;260,6896;2,7668;True;True;0,0000;0,0000;0,0000;0,0000;90,0000;0,0000;0,0000;0,0000;0,0000;159,7424;True;True;-0,2332;0,8244;0,2088;273,3593;259,5323;37,7011;6,1949;-3,5048;0,4074;160,4718;
31380;14,76529;15,0257;1,1922;0,0524;1,2004;263,4346;4,2559;True;True;0,0000;0,0000;0,0000;0,0000;90,0000;0,0000;0,0000;0,0000;0,0000;163,7549;True;True;-0,1396;0,7761;0,2111;286,4564;303,7959;1,1700;4,7171;-1,8472;-0,3466;166,1921;
31385;14,79029;15,0270;1,1902;0,0455;2,0434;263,3777;5,6730;True;True;0,0000;0,0000;0,0000;0,0000;90,0000;0,0000;0,0000;0,0000;0,0000;167,2650;True;True;-0,0993;0,7627;0,2060;285,1046;328,1426;351,0256;0,6607;-3,6132;1,0878;164,7737;
31390;14,81529;15,0270;1,1900;0,0390;2,3349;263,3395;7,1533;True;True;0,0000;0,0000;0,0000;0,0000;90,0000;0,0000;0,0000;0,0000;0,0000;169,0046;True;True;-0,1120;0,7570;0,2048;284,4299;339,2692;345,0889;-1,7601;0,6903;-0,6493;161,9449;
31395;14,84029;15,0249;1,1914;0,0331;1,3229;264,3591;6,6395;True;True;0,0000;0,0000;0,0000;0,0000;90,0000;0,0000;0,0000;0,0000;0,0000;169,5273;True;True;-0,1504;0,7664;0,1909;284,3193;335,7667;342,3329;-0,5426;0,2787;-0,4227;159,8130;
31400;14,86529;15,0233;1,1901;0,0244;1,6549;265,0372;6,6865;True;True;0,0000;0,0000;0,0000;0,0000;90,0000;0,0000;0,0000;0,0000;0,0000;169,8188;True;True;-0,1500;0,7564;0,1849;284,2816;314,0734;359,5989;-0,0213;-0,5521;-0,3870;163,8607;
31405;14,89029;15,0219;1,1887;0,0138;2,1357;264,9941;6,9529;True;True;0,0000;0,0000;0,0000;0,0000;90,0000;0,0000;0,0000;0,0000;0,0000;170,1006;True;True;-0,1420;0,7519;0,1774;284,6975;324,5561;353,1050;0,6547;0,0088;-0,2722;165,4895;
31410;14,91529;15,0204;1,1870;0,0027;1,8427;265,4548;8,5083;True;True;0,3980;0,8056;-0,0326;47,3563;101,9248;0,2538;0,1280;1,0072;0,9456;167,0495;True;True;-0,1307;0,7457;0,1622;289,3664;324,9196;359,2246;0,2561;-0,3450;-0,6821;159,3804;
31415;14,94029;15,0216;1,1874;-0,0058;2,2821;265,1968;9,6265;True;True;0,3967;0,8318;-0,0182;46,1072;97,9728;353,3882;-0,5572;0,7630;0,4737;169,6202;True;True;-0,1146;0,7367;0,1704;298,2198;359,9854;324,8285;-0,1691;-0,1561;0,1611;157,3609;
31420;14,96529;15,0251;1,1896;-0,0105;1,5933;264,4175;9,1935;True;True;0,3763;0,8246;0,0006;47,5051;91,5761;346,1364;-0,7792;-0,1855;1,3724;168,8765;True;True;-0,1160;0,7347;0,1752;291,0207;21,8743;303,3707;-0,0538;0,0822;-0,0378;150,4648;
31425;14,9903;15,0297;1,1909;-0,0111;1,1884;264,8637;9,0867;True;True;0,3592;0,8072;0,0094;58,4136;71,1178;334,2050;-1,1183;0,1922;0,0130;-172,9315;True;True;-0,1178;0,7369;0,1742;286,9436;30,9366;292,8955;-0,0012;0,0555;-0,0675;152,1348;
31430;15,0153;15,0338;1,1916;-0,0113;0,8674;264,6365;9,2192;True;True;0,3403;0,8045;0,0093;61,4991;71,5577;344,1423;0,1205;-0,2449;-0,5011;174,4560;True;True;-0,1179;0,7373;0,1737;288,2877;32,3525;291,4626;0,0189;-0,0382;-0,0169;152,9560;
31435;15,0403;15,0363;1,1920;-0,0121;0,9827;264,0354;9,9047;True;True;0,3475;0,7906;0,0061;52,7498;79,2815;354,6835;-0,3300;-0,3172;-0,0577;173,1284;True;True;-0,1170;0,7358;0,1713;287,3891;34,6959;288,7919;-0,0414;0,0384;-0,0795;152,5187;
31440;15,0653;15,0379;1,1926;-0,0105;1,4787;263,8834;9,5327;True;True;0,3394;0,7830;0,0267;51,3833;75,7143;351,5399;-0,2247;-0,4563;0,7763;174,1315;True;True;-0,1181;0,7335;0,1720;286,3463;32,0605;292,9996;-0,0776;-0,2326;0,0407;152,8715;
31445;15,0903;15,0387;1,1943;-0,0067;1,4595;261,1822;8,1459;True;True;0,3360;0,7296;0,0499;53,4755;72,6053;347,0823;-0,2194;-1,2655;0,5807;-177,1184;True;True;-0,1187;0,7326;0,1741;286,5906;26,1272;297,9106;0,0021;0,1544;0,1854;154,6485;
31450;15,1153;15,0413;1,1973;0,0066;0,7998;255,0372;2,3929;True;True;0,0000;0,0000;0,0000;0,0000;90,0000;0,0000;0,0000;0,0000;0,0000;-173,9955;True;True;-0,1531;0,7631;0,1866;272,0755;71,6125;246,5285;-2,6965;1,4813;0,4741;158,0740;
31455;15,1403;15,0460;1,1976;0,0284;0,3518;250,9243;356,5531;True;True;0,0000;0,0000;0,0000;0,0000;90,0000;0,0000;0,0000;0,0000;0,0000;-174,0770;True;True;-0,2382;0,8092;0,1976;282,9678;227,7268;72,7516;-3,7803;-0,2739;2,8028;168,1657;
31460;15,1653;15,0480;1,1982;0,0386;357,3256;246,8860;356,2589;True;True;0,0000;0,0000;0,0000;0,0000;90,0000;0,0000;0,0000;0,0000;0,0000;173,9410;True;True;-0,3326;0,8307;0,1986;274,5477;181,1480;100,2708;-3,1446;0,7485;-0,1268;170,7892;
31465;15,1903;15,0447;1,2000;0,0426;357,1276;242,1903;355,8082;True;True;0,0000;0,0000;0,0000;0,0000;90,0000;0,0000;0,0000;0,0000;0,0000;173,5031;True;True;-0,4090;0,8840;0,2062;280,7174;110,7513;158,6358;-3,0379;1,6458;1,0178;172,6561;
31470;15,2153;15,0420;1,2002;0,0474;357,1086;239,5228;354,1067;True;True;0,0000;0,0000;0,0000;0,0000;90,0000;0,0000;0,0000;0,0000;0,0000;171,9128;True;True;-0,5093;0,9441;0,1845;277,9447;329,0219;285,6696;-1,3035;-1,3703;-0,8401;164,1290;
31475;15,2403;15,0401;1,2018;0,0533;356,9014;238,9355;350,8252;True;True;0,0000;0,0000;0,0000;0,0000;90,0000;0,0000;0,0000;0,0000;0,0000;169,6051;True;True;-0,5003;0,9962;0,1389;283,6337;353,7702;236,5561;0,4352;2,8357;-1,4052;158,9943;
31480;15,2653;15,0436;1,1985;0,0514;357,5770;236,4838;347,8104;True;True;0,0000;0,0000;0,0000;0,0000;90,0000;0,0000;0,0000;0,0000;0,0000;167,1145;True;True;-0,5005;1,0929;0,1380;292,8222;2,8527;223,1231;-1,9590;-0,5296;-0,0619;141,4234;
31485;15,2903;15,0506;1,1942;0,0405;0,1180;232,8531;346,8257;True;True;0,0000;0,0000;0,0000;0,0000;90,0000;0,0000;0,0000;0,0000;0,0000;166,3504;True;True;-0,5058;1,0477;0,0928;276,7961;317,6618;269,2506;-1,6203;-1,0946;-3,2873;145,2930;
31490;15,3153;15,0567;1,1928;0,0273;3,0416;227,5773;346,8940;True;True;0,0000;0,0000;0,0000;0,0000;90,0000;0,0000;0,0000;0,0000;0,0000;168,0653;True;True;-0,5286;1,0245;0,0535;286,1101;335,2737;244,9835;-1,0935;-1,8760;-2,1198;147,3852;
31495;15,3403;15,0581;1,1920;0,0212;3,5235;227,7736;347,9263;True;True;0,0000;0,0000;0,0000;0,0000;90,0000;0,0000;0,0000;0,0000;0,0000;169,7435;True;True;-0,5256;0,9950;0,0396;290,2564;333,3543;246,7205;0,5642;0,1403;0,2339;145,6117;
31500;15,3653;15,0555;1,1919;0,0164;4,0229;229,5249;347,8714;True;True;0,0000;0,0000;0,0000;0,0000;90,0000;0,0000;0,0000;0,0000;0,0000;170,4882;True;True;-0,5217;0,9773;0,0476;291,0844;330,9604;250,6615;0,5794;-1,5414;0,9056;143,9288;
31505;15,3903;15,0485;1,1942;0,0178;3,2663;236,6260;349,1079;True;True;0,0000;0,0000;0,0000;0,0000;90,0000;0,0000;0,0000;0,0000;0,0000;171,6962;True;True;-0,4422;0,9165;0,0951;293,3012;9,6425;218,1364;3,5455;-1,9865;2,2255;145,3472;
31510;15,41531;15,0398;1,1935;0,0263;3,2621;253,6592;353,1163;True;True;0,0000;0,0000;0,0000;0,0000;90,0000;0,0000;0,0000;0,0000;0,0000;172,2610;True;True;-0,3726;0,8449;0,1573;284,1868;308,6486;299,7447;4,0243;-4,6312;-1,3524;147,7134;
31515;15,44031;15,0361;1,1953;0,0218;2,0618;260,9940;359,0725;True;True;0,0000;0,0000;0,0000;0,0000;90,0000;0,0000;0,0000;0,0000;0,0000;174,5688;True;True;-0,1979;0,7860;0,1927;285,2417;266,1464;11,6383;5,9455;1,8393;0,0814;170,0019;
31520;15,46531;15,0302;1,1928;0,0124;2,0402;262,4842;3,6702;True;True;0,0000;0,0000;0,0000;0,0000;90,0000;0,0000;0,0000;0,0000;0,0000;-176,4411;True;True;-0,0784;0,7772;0,1982;294,8496;290,4146;7,5005;-0,2728;-1,7015;1,0566;171,4124;
31525;15,49031;15,0261;1,1911;0,0108;2,8449;263,6581;6,1814;True;True;0,0000;0,0000;0,0000;0,0000;90,0000;0,0000;0,0000;0,0000;0,0000;-176,5484;True;True;-0,0616;0,7613;0,2062;284,2191;330,7277;346,1122;-0,5733;0,9393;-0,3830;162,9125;
31530;15,51531;15,0253;1,1903;0,0145;3,0581;266,2014;6,0163;True;True;0,0000;0,0000;0,0000;0,0000;90,0000;0,0000;0,0000;0,0000;0,0000;-176,5658;True;True;-0,0927;0,7611;0,1973;290,6995;323,8618;6,1030;-1,0437;-0,2188;-0,0223;159,7510;
31535;15,54031;15,0287;1,1907;0,0188;2,8738;268,4834;5,7508;True;True;0,0000;0,0000;0,0000;0,0000;90,0000;0,0000;0,0000;0,0000;0,0000;-176,7027;True;True;-0,1268;0,7437;0,1883;296,4424;333,7856;351,9160;-2,0834;-0,2721;-0,7230;156,4186;
31540;15,56531;15,0317;1,1917;0,0215;1,9698;270,3682;5,2218;True;True;0,0000;0,0000;0,0000;0,0000;90,0000;0,0000;0,0000;0,0000;0,0000;-176,6457;True;True;-0,1275;0,7444;0,1811;302,0499;331,7327;352,9272;-0,1032;0,0376;-0,5607;157,0094;
31545;15,59031;15,0325;1,1930;0,0214;1,2300;272,0822;6,0633;True;True;0,3511;0,8239;-0,0345;72,6811;80,0335;2,5528;70,2143;164,7780;-6,9018;-176,3786;True;True;-0,1305;0,7420;0,1790;301,8049;327,5164;357,5711;-0,0255;-0,0791;-0,1827;157,2297;
31550;15,61531;15,0304;1,1921;0,0178;1,2861;272,9924;7,4862;True;True;0,3272;0,8030;-0,0173;60,5777;45,5510;323,9510;-0,0538;-0,0286;0,0641;167,0385;True;True;-0,1330;0,7409;0,1792;301,0473;323,0511;1,8776;-0,3100;-0,0610;0,0461;158,9501;
31555;15,64031;15,0265;1,1912;0,0156;1,1622;272,4625;8,2275;True;True;0,3301;0,8001;-0,0157;68,6758;38,1603;316,3828;0,0825;-0,0065;-0,0619;171,5272;True;True;-0,1192;0,7481;0,1845;304,8010;324,4658;4,6330;1,5244;0,4929;0,6557;157,5498;
31560;15,66531;15,0235;1,1878;0,0161;2,4590;273,4422;8,3195;True;True;0,3298;0,8026;-0,0174;68,0398;44,3575;323,5659;-0,1401;0,1181;-0,0603;171,2289;True;True;-0,1194;0,7454;0,1831;305,4502;329,9379;0,1128;0,0650;-0,6360;-0,3671;156,2805;
31565;15,69031;15,0219;1,1866;0,0166;2,7446;274,3129;8,2647;True;True;0,3257;0,8094;-0,0180;66,0836;51,3651;330,0160;0,1039;0,1628;0,1188;171,9772;True;True;-0,1193;0,7317;0,1770;298,2243;354,5278;330,8088;-0,0082;0,0969;0,0610;152,0941;
31570;15,71531;15,0209;1,1855;0,0148;3,1225;273,6974;8,6307;True;True;0,3252;0,8119;-0,0171;65,7888;54,1614;332,6803;0,0247;0,0452;-0,0040;171,7086;True;True;-0,1214;0,7349;0,1787;300,1589;350,7439;335,7021;-0,1158;0,0747;0,0600;151,6258;
31575;15,74031;15,0203;1,1853;0,0136;3,3251;271,2224;8,2544;True;True;0,3269;0,8129;-0,0172;67,8533;57,4135;336,8529;0,3872;0,0425;0,0316;170,8038;True;True;-0,1244;0,7381;0,1823;298,9556;351,4716;334,9743;-0,1730;0,1400;0,1752;150,6597;
31580;15,76531;15,0216;1,1877;0,0186;3,0674;268,2561;4,5745;True;True;0,3547;0,8215;-0,0201;64,6265;63,8375;343,7095;1,4430;0,7900;-0,1403;168,8749;True;True;-0,1368;0,7562;0,1880;293,5876;315,2018;3,0207;-0,3223;0,8173;-0,3544;154,2511;
31585;15,79031;15,0245;1,1905;0,0197;1,0444;267,4781;6,8206;True;True;0,3837;0,8294;-0,0220;58,7813;72,8836;345,5100;0,0634;-0,3343;-0,3755;167,2697;True;True;-0,1392;0,7594;0,1852;274,6755;288,4272;24,8453;-0,6295;-0,0688;0,0618;161,6074;
31590;15,81531;15,0297;1,1944;0,0220;0,4457;264,8115;4,0582;True;True;0,3699;0,8209;-0,0285;58,7932;76,0912;342,9819;-0,5015;-0,4380;-0,3238;170,1568;True;True;-0,1587;0,7648;0,1827;278,7733;309,6413;4,8866;-0,2427;0,1243;-0,0341;159,8339;
31595;15,84031;15,0407;1,1987;0,0370;357,9847;261,2263;350,8731;True;True;0,3957;0,8475;-0,0492;59,6130;81,5263;2,4766;2,8519;2,1398;-1,1229;160,5798;True;True;-0,2032;0,8636;0,2033;293,4384;215,1701;83,2587;-0,8599;4,7970;1,2597;166,0663;
31600;15,86532;15,0430;1,1948;0,0312;358,6281;259,3870;351,3773;True;True;0,4635;0,9259;-0,0762;42,6173;107,6030;5,8806;-0,4888;3,0459;-0,6190;150,3233;True;True;-0,2781;1,0537;0,2016;305,6011;203,2734;85,4877;-0,6566;5,5185;-0,1072;166,5966;
31605;15,89032;15,0349;1,2004;0,0133;358,1789;250,9449;350,4171;True;True;0,4427;0,9655;-0,0951;34,8145;111,6211;359,2378;-1,6577;0,0239;-0,3894;144,8769;True;True;-0,3292;1,2258;0,2321;316,0388;217,1162;64,9729;3,4129;7,9809;-2,5520;162,7647;
31610;15,91532;15,0319;1,2021;-0,0059;357,2144;243,6248;351,3459;True;True;0,0000;0,0000;0,0000;0,0000;90,0000;0,0000;0,0000;0,0000;0,0000;144,7914;True;True;-0,3370;1,4014;0,2020;305,6461;178,3184;95,2730;1,1346;4,9122;-1,2490;148,2704;
31615;15,94032;15,0402;1,2048;-0,0115;355,9376;241,9935;351,7692;True;True;0,0000;0,0000;0,0000;0,0000;90,0000;0,0000;0,0000;0,0000;0,0000;146,1950;True;True;-0,3055;1,4309;0,1560;313,6699;140,9274;150,2628;-0,0484;-3,6191;-0,7221;137,4411;
31620;15,96532;15,0574;1,2065;-0,0116;354,9307;241,2663;350,2070;True;True;0,0000;0,0000;0,0000;0,0000;90,0000;0,0000;0,0000;0,0000;0,0000;145,3527;True;True;-0,3687;1,1975;0,0631;308,8663;144,7902;151,8746;-2,0231;-6,0309;-2,6043;136,3678;
31625;15,99032;15,0726;1,2087;-0,0046;354,5786;242,5945;349,8603;True;True;0,0000;0,0000;0,0000;0,0000;90,0000;0,0000;0,0000;0,0000;0,0000;146,5720;True;True;-0,1847;1,3362;0,1628;309,1779;145,4148;171,0174;-2,4626;-2,7577;-0,3583;138,3528;
31630;16,01532;15,0802;1,2136;0,0088;354,0675;244,4285;352,9560;True;True;0,0000;0,0000;0,0000;0,0000;90,0000;0,0000;0,0000;0,0000;0,0000;145,9009;True;True;0,0000;0,0000;0,0000;0,0000;90,0000;180,0000;0,0000;0,0000;0,0000;137,5925;
31635;16,04031;15,0755;1,2122;0,0168;353,6093;246,4399;357,0939;True;True;0,0000;0,0000;0,0000;0,0000;90,0000;0,0000;0,0000;0,0000;0,0000;136,5306;True;True;0,0000;0,0000;0,0000;0,0000;90,0000;180,0000;0,0000;0,0000;0,0000;134,5343;
31640;16,06531;15,0664;1,2097;0,0212;354,4868;245,6994;359,9561;True;True;0,0000;0,0000;0,0000;0,0000;90,0000;0,0000;0,0000;0,0000;0,0000;137,6112;True;True;-0,1838;1,0531;0,1576;320,6006;174,6528;150,5443;-0,2035;-6,4118;3,9578;145,6133;
31645;16,0903;15,0525;1,2062;0,0301;355,2675;246,9113;0,5882;True;True;0,0000;0,0000;0,0000;0,0000;90,0000;0,0000;0,0000;0,0000;0,0000;140,0655;True;True;-0,1841;0,8994;0,2495;296,3779;157,4880;151,7050;-1,1917;-6,5496;3,3334;149,7466;
31650;16,1153;15,0352;1,1973;0,0444;358,3275;253,6940;0,7083;True;True;0,0000;0,0000;0,0000;0,0000;90,0000;0,0000;0,0000;0,0000;0,0000;143,1457;True;True;-0,1629;0,8472;0,2279;288,5087;128,9064;179,8075;2,6078;-5,6823;3,0532;151,5176;
31655;16,1403;15,0211;1,1900;0,0532;0,5660;258,7209;0,2490;True;True;0,0000;0,0000;0,0000;0,0000;90,0000;0,0000;0,0000;0,0000;0,0000;146,0632;True;True;-0,1585;0,8106;0,2137;279,8862;55,4769;262,0578;0,3665;0,4184;-2,0382;148,0702;
31660;16,16529;15,0125;1,1846;0,0522;2,7209;259,7421;0,5889;True;True;0,0000;0,0000;0,0000;0,0000;90,0000;0,0000;0,0000;0,0000;0,0000;148,5314;True;True;-0,1458;0,7985;0,1807;279,9290;350,2732;331,3018;-0,2520;-0,7970;-0,0195;147,9122;
31665;16,19029;15,0103;1,1823;0,0437;3,6232;256,9935;0,7122;True;True;0,0000;0,0000;0,0000;0,0000;90,0000;0,0000;0,0000;0,0000;0,0000;149,9690;True;True;-0,1413;0,7621;0,1842;288,5578;359,9288;317,6332;0,0203;-0,0490;-0,0904;149,8394;
31670;16,21528;15,0092;1,1813;0,0393;3,9324;259,0610;1,6578;True;True;0,0000;0,0000;0,0000;0,0000;90,0000;0,0000;0,0000;0,0000;0,0000;151,4053;True;True;-0,1437;0,7698;0,1803;289,4137;353,5484;322,3871;0,2695;0,4725;0,1739;148,6115;
31675;16,24028;15,0102;1,1802;0,0326;4,6496;261,0706;3,5256;True;True;0,0000;0,0000;0,0000;0,0000;90,0000;0,0000;0,0000;0,0000;0,0000;152,4473;True;True;-0,1458;0,7718;0,1863;289,1328;351,6632;325,5597;-0,3833;-0,1130;0,1266;148,5777;
31680;16,26527;15,0133;1,1816;0,0235;4,4690;259,6607;2,7855;True;True;0,0000;0,0000;0,0000;0,0000;90,0000;0,0000;0,0000;0,0000;0,0000;153,4080;True;True;-0,1467;0,7712;0,1863;288,1163;348,8506;328,9146;0,0650;-0,0165;0,0121;149,4651;
31685;16,29027;15,0167;1,1824;0,0199;4,6536;260,7156;3,0509;True;True;0,0000;0,0000;0,0000;0,0000;90,0000;0,0000;0,0000;0,0000;0,0000;154,0830;True;True;-0,1470;0,7692;0,1853;287,1124;350,4672;327,0369;-0,0319;-0,0580;0,0277;149,9239;
31690;16,31527;15,0180;1,1817;0,0183;4,7041;262,0103;3,7047;True;True;0,0000;0,0000;0,0000;0,0000;90,0000;0,0000;0,0000;0,0000;0,0000;154,4666;True;True;-0,1520;0,7685;0,1847;286,9830;345,9709;331,4485;-0,3133;-0,0515;-0,0351;150,2452;
31695;16,34026;15,0173;1,1817;0,0182;4,7613;263,6777;5,1166;True;True;0,0000;0,0000;0,0000;0,0000;90,0000;0,0000;0,0000;0,0000;0,0000;154,7006;True;True;-0,1523;0,7671;0,1850;285,5831;350,6916;326,9883;0,1519;0,1391;-0,0260;150,8745;
31700;16,36526;15,0152;1,1823;0,0196;4,3547;263,7849;5,5792;True;True;0,0000;0,0000;0,0000;0,0000;90,0000;0,0000;0,0000;0,0000;0,0000;154,7874;True;True;-0,1509;0,7643;0,1814;288,5915;345,5219;330,6031;-0,0327;-0,1879;-0,1178;149,6594;
31705;16,39025;15,0145;1,1836;0,0249;4,1977;262,6282;3,7481;True;True;0,0000;0,0000;0,0000;0,0000;90,0000;0,0000;0,0000;0,0000;0,0000;154,6866;True;True;-0,1514;0,7583;0,1846;288,9305;343,5955;331,7245;0,1483;-0,3150;0,3787;150,5268;
31710;16,41525;15,0182;1,1866;0,0372;3,1308;259,8395;359,9119;True;True;0,0000;0,0000;0,0000;0,0000;90,0000;0,0000;0,0000;0,0000;0,0000;153,7315;True;True;-0,1527;0,7590;0,1860;285,0018;340,4801;332,9758;-0,1609;0,0946;0,0350;152,8376;
31715;16,44024;15,0269;1,1911;0,0586;0,1289;257,0302;353,9320;True;True;0,0000;0,0000;0,0000;0,0000;90,0000;0,0000;0,0000;0,0000;0,0000;151,4945;True;True;-0,1874;0,7701;0,2008;277,6179;337,6947;331,9379;-2,0836;-0,1595;1,1760;157,3605;
31720;16,46524;15,0357;1,1945;0,0775;355,9720;254,8605;350,3021;True;True;0,0000;0,0000;0,0000;0,0000;90,0000;0,0000;0,0000;0,0000;0,0000;148,5047;True;True;-0,2396;0,7843;0,1929;279,5411;298,1966;0,4225;-1,3408;1,7166;-1,1523;160,7708;
31725;16,49024;15,0402;1,1983;0,0845;353,5723;251,1874;350,2307;True;True;0,0000;0,0000;0,0000;0,0000;90,0000;0,0000;0,0000;0,0000;0,0000;145,8522;True;True;-0,2970;0,8382;0,1920;275,8863;213,0279;70,7014;-2,4707;3,0472;0,5294;165,3913;
31730;16,51523;15,0444;1,2014;0,0841;352,7288;245,7343;351,2446;True;True;0,0000;0,0000;0,0000;0,0000;90,0000;0,0000;0,0000;0,0000;0,0000;142,7903;True;True;-0,3686;0,9672;0,1977;278,7454;139,6280;135,0823;-2,2133;3,1400;-0,2858;162,3015;
31735;16,54023;15,0458;1,2049;0,0768;352,0401;241,2640;353,1810;True;True;0,0000;0,0000;0,0000;0,0000;90,0000;0,0000;0,0000;0,0000;0,0000;137,3773;True;True;-0,4814;1,0939;0,2103;286,2718;123,5380;143,1528;-3,0099;2,9556;0,3783;152,8576;
31740;16,56522;15,0487;1,2080;0,0645;352,5191;235,3578;352,7900;True;True;0,0000;0,0000;0,0000;0,0000;90,0000;0,0000;0,0000;0,0000;0,0000;133,0222;True;True;-0,5337;1,1868;0,1788;284,6087;185,5862;61,8520;-3,0233;3,5107;1,5562;153,2079;
31745;16,59022;15,0567;1,2087;0,0544;351,7509;229,8614;352,0322;True;True;0,0000;0,0000;0,0000;0,0000;90,0000;0,0000;0,0000;0,0000;0,0000;136,8876;True;True;-0,4041;1,3040;0,1566;290,7502;62,2590;158,4287;4,7027;3,2980;-1,2544;151,4224;
31750;16,61522;15,0682;1,2104;0,0478;351,1633;227,5808;352,2860;True;True;0,0000;0,0000;0,0000;0,0000;90,0000;0,0000;0,0000;0,0000;0,0000;146,3113;True;True;-0,4191;1,2952;0,0953;298,5095;106,6737;137,6623;0,3365;0,3359;0,3356;143,7515;
31755;16,64021;15,0825;1,2143;0,0424;351,0443;226,9033;353,6145;True;True;0,0000;0,0000;0,0000;0,0000;90,0000;0,0000;0,0000;0,0000;0,0000;147,7219;True;True;-0,3839;1,2824;0,0832;298,0205;118,1433;148,7394;3,3275;-2,4554;-1,7046;146,6248;
31760;16,66521;15,0931;1,2161;0,0415;351,6667;228,5257;355,1959;True;True;0,0000;0,0000;0,0000;0,0000;90,0000;0,0000;0,0000;0,0000;0,0000;148,1650;True;True;-0,3871;1,2636;0,1003;293,6902;119,7817;153,1972;-0,5999;-0,5593;0,9967;142,4361;
31765;16,6902;15,0923;1,2156;0,0506;353,0434;236,6834;355,9463;True;True;0,0000;0,0000;0,0000;0,0000;90,0000;0,0000;0,0000;0,0000;0,0000;147,5383;True;True;-0,3937;1,1950;0,1271;298,5491;119,5571;155,4824;0,8000;-2,9824;0,9539;142,6070;
31770;16,7152;15,0866;1,2160;0,0574;351,8624;243,3520;357,7361;True;True;0,0000;0,0000;0,0000;0,0000;90,0000;0,0000;0,0000;0,0000;0,0000;148,7465;True;True;-0,3749;1,1121;0,1555;294,6047;111,8086;171,0712;-0,2643;-3,4823;1,4942;144,9227;
31775;16,74019;15,0751;1,2116;0,0630;354,5222;250,0239;358,0105;True;True;0,0000;0,0000;0,0000;0,0000;90,0000;0,0000;0,0000;0,0000;0,0000;150,6447;True;True;-0,3377;1,0321;0,1796;293,2181;110,8220;177,9233;2,4398;-4,8234;1,0396;145,5271;
31780;16,76519;15,0613;1,2065;0,0686;356,1560;260,6375;359,5539;True;True;0,0000;0,0000;0,0000;0,0000;90,0000;0,0000;0,0000;0,0000;0,0000;149,3233;True;True;-0,2604;0,9157;0,1850;281,9631;138,6794;161,6748;7,6872;-6,3515;0,8704;147,9238;
31785;16,79019;15,0479;1,2016;0,0620;357,8419;264,5585;2,3129;True;True;0,0000;0,0000;0,0000;0,0000;90,0000;0,0000;0,0000;0,0000;0,0000;153,8546;True;True;-0,2047;0,7820;0,2057;280,2734;271,6181;29,2353;4,6836;-2,0600;-3,1245;156,2869;
31790;16,81518;15,0345;1,1949;0,0457;359,8217;264,5790;4,6479;True;True;0,0000;0,0000;0,0000;0,0000;90,0000;0,0000;0,0000;0,0000;0,0000;159,1736;True;True;-0,1444;0,7488;0,1931;287,7780;315,9731;350,3018;3,5466;0,8001;-2,2815;159,9661;
31795;16,84018;15,0241;1,1901;0,0312;2,1485;264,9441;6,9235;True;True;0,0000;0,0000;0,0000;0,0000;90,0000;0,0000;0,0000;0,0000;0,0000;163,3816;True;True;-0,1215;0,7374;0,1899;289,7083;335,8747;335,7133;-0,0184;-0,0982;-0,0725;160,2915;
31800;16,86517;15,0214;1,1868;0,0240;2,9097;266,6396;6,1808;True;True;0,0000;0,0000;0,0000;0,0000;90,0000;0,0000;0,0000;0,0000;0,0000;164,4731;True;True;-0,1240;0,7437;0,1815;288,7220;349,2870;331,2146;-0,0918;0,2159;-0,3015;154,9342;
31805;16,89017;15,0218;1,1854;0,0166;3,9527;267,4102;6,1561;True;True;0,0000;0,0000;0,0000;0,0000;90,0000;0,0000;0,0000;0,0000;0,0000;165,0457;True;True;-0,1279;0,7479;0,1806;292,5622;357,7750;327,4376;-0,0295;-0,4979;0,0363;153,8921;
31810;16,91516;15,0242;1,1851;0,0091;4,1380;268,2819;6,5099;True;True;0,0000;0,0000;0,0000;0,0000;90,0000;0,0000;0,0000;0,0000;0,0000;165,4604;True;True;-0,1226;0,7291;0,1792;291,3855;11,7055;310,1673;0,7357;-0,2937;-0,3763;152,4617;
31815;16,94016;15,0268;1,1854;0,0043;4,4422;268,9424;7,3875;True;True;0,0000;0,0000;0,0000;0,0000;90,0000;0,0000;0,0000;0,0000;0,0000;166,2625;True;True;-0,1199;0,7282;0,1771;292,4738;33,8458;284,4315;-0,0601;-0,0298;0,1544;153,0755;
31820;16,96516;15,0289;1,1871;0,0015;3,2297;268,6624;8,0305;True;True;0,3106;0,7951;-0,0171;71,6649;350,5544;247,2277;-0,6323;-0,1182;0,0430;167,9463;True;True;-0,1178;0,7287;0,1781;291,9848;41,8010;278,0974;0,1417;0,1348;-0,0390;152,2653;
31825;16,99015;15,0294;1,1879;0,0016;2,8984;268,5378;8,1326;True;True;0,3374;0,7779;-0,0097;84,6105;49,3796;318,2388;1,6286;0,1275;-1,4417;167,6548;True;True;-0,1187;0,7301;0,1789;292,7295;60,0629;260,3137;0,0255;0,0227;-0,0164;151,2155;
31830;17,01515;15,0297;1,1880;0,0042;2,7607;269,2107;8,5605;True;True;0,3442;0,7982;-0,0137;81,8611;25,6189;291,7126;-0,0476;0,0547;0,0134;168,6745;True;True;-0,1126;0,7376;0,1758;294,5800;79,2520;238,6021;0,3998;0,3072;-0,1745;151,8643;
31835;17,04014;15,0307;1,1881;0,0069;2,7168;269,7898;8,5652;True;True;0,3392;0,7950;-0,0167;81,5613;346,9853;254,9211;-0,3194;-0,2387;-0,1076;173,5110;True;True;-0,1118;0,7405;0,1778;299,9171;89,0489;230,4334;-0,0335;-0,0152;-0,0068;154,6102;
31840;17,06514;15,0309;1,1878;0,0070;2,8229;270,1262;8,6885;True;True;0,3337;0,7930;-0,0160;82,5871;1,4421;268,6664;-0,0205;0,0675;0,0296;173,5391;True;True;-0,1104;0,7400;0,1778;297,5690;85,5262;235,3146;0,0240;-0,0515;-0,0150;153,8345;
31845;17,09014;15,0291;1,1858;0,0037;2,8730;269,9535;9,6687;True;True;0,3338;0,7962;-0,0141;81,1744;22,1141;288,8768;-0,0158;0,1829;0,0598;172,7046;True;True;-0,1096;0,7388;0,1755;300,2970;95,0500;224,7386;-0,0594;-0,0275;-0,0810;154,8410;
31850;17,11513;15,0265;1,1830;-0,0012;3,2394;269,3822;10,4173;True;True;0,3201;0,7940;0,0098;76,8214;26,4896;296,2731;-1,6518;-0,2936;2,1533;173,0596;True;True;-0,1108;0,7370;0,1794;297,0769;84,1614;237,1555;0,0604;-0,1993;0,1623;154,8240;
31855;17,14013;15,0253;1,1824;-0,0061;3,3463;269,7831;10,4577;True;True;0,2895;0,7736;0,0808;69,9763;6,3979;285,4739;-1,1056;0,7114;4,1254;-175,5603;True;True;-0,1049;0,7415;0,1854;294,8899;60,3526;258,8058;0,5205;0,3518;0,6374;151,3568;
31860;17,16512;15,0257;1,1838;-0,0093;2,6091;271,4790;10,4298;True;True;0,3305;0,8070;0,2342;49,4278;17,6969;315,0491;0,5435;1,2266;14,8488;-176,8535;True;True;-0,0915;0,7499;0,1855;300,1199;62,4919;255,7611;0,7150;0,0575;-0,0908;149,0264;
31865;17,19012;15,0263;1,1875;-0,0080;1,8140;274,2029;8,6816;True;True;0,3249;0,9997;0,3012;19,0569;13,4767;306,7879;-2,8482;3,1366;5,0075;-146,4164;True;True;-0,0871;0,7472;0,1855;303,4157;86,4951;232,3286;0,0900;0,0795;-0,0657;145,6936;
31870;17,21511;15,0252;1,1907;-0,0075;1,6310;275,4295;6,5893;True;True;0,2209;1,1754;0,1920;30,0647;7,7543;313,7762;-13,9181;9,3929;-34,7418;-144,5285;True;True;-0,0863;0,7534;0,1879;309,3071;91,8971;228,0546;-0,0435;0,0593;0,1544;141,9084;
31875;17,24011;15,0277;1,1921;-0,0074;2,1479;278,1787;5,5849;True;True;0,2184;1,2423;0,3033;27,9297;358,7562;329,4365;-3,0775;1,4584;0,5625;-149,2620;True;True;-0,0980;0,7568;0,1907;306,8877;84,5428;234,9779;0,0465;0,0073;0,0746;143,9081;
31880;17,26511;15,0354;1,1925;-0,0098;1,5847;282,1059;6,0749;True;True;0,1912;1,2493;0,3237;24,9489;19,1978;332,0287;-0,7265;-1,5888;-0,1260;-149,4320;True;True;-0,0964;0,7531;0,1935;308,5937;81,9496;236,6126;0,0623;-0,1655;0,1097;140,3458;
31885;17,2901;15,0439;1,1919;-0,0160;1,0984;284,0305;7,1694;True;True;0,2170;1,1963;0,2901;26,3116;33,9942;347,1400;1,4392;-1,3856;-3,1891;155,1071;True;True;-0,0935;0,7523;0,1948;307,0412;77,9730;240,6193;0,0780;0,0277;-0,0210;140,3646;
31890;17,3151;15,0480;1,1934;-0,0238;359,6815;281,8694;6,8560;True;True;0,2099;1,1250;0,3095;24,4985;28,6883;344,5119;-1,6644;0,0850;-1,6736;151,4730;True;True;-0,0991;0,7499;0,1943;310,3743;82,7134;236,2717;-0,3038;-0,1747;-0,0266;139,4724;
31895;17,34009;15,0459;1,1937;-0,0283;359,4501;279,7963;7,7653;True;True;0,2617;1,0541;0,2777;20,1771;39,0817;337,8006;3,4373;-5,6497;1,5142;159,5340;True;True;-0,1011;0,7483;0,1917;308,8663;86,5851;232,2838;-0,0134;-0,0435;-0,0221;143,1476;
31900;17,36509;15,0383;1,1925;-0,0310;359,2631;276,9406;9,1019;True;True;0,2528;1,0275;0,2442;30,7714;26,2254;336,8441;-0,0246;-1,7267;-1,6165;-165,8506;True;True;-0,0980;0,7499;0,1907;307,4200;76,0183;240,9105;0,1197;0,0186;0,0444;143,1563;
31905;17,39009;15,0298;1,1885;-0,0291;0,9910;272,9202;9,3121;True;True;0,2897;0,9490;0,2085;44,2881;38,6261;342,7205;0,5468;-3,9345;-3,0537;165,8897;True;True;-0,0942;0,7513;0,1918;309,5948;84,2701;233,5865;0,3036;0,1405;0,0154;143,4764;
31910;17,41508;15,0231;1,1857;-0,0197;2,2750;270,2999;8,2371;True;True;0,3993;0,7922;0,2465;40,0911;66,2890;1,1373;9,9509;-9,8845;6,7280;174,5487;True;True;-0,0929;0,7559;0,1917;314,2647;95,0410;226,4780;0,0135;-0,0381;-0,0359;142,8831;
31915;17,44008;15,0203;1,1853;-0,0030;3,1708;269,6775;6,4636;True;True;0,0000;0,0000;0,0000;0,0000;90,0000;0,0000;0,0000;0,0000;0,0000;154,2196;True;True;-0,0921;0,7568;0,1929;316,9419;106,5018;218,2075;0,1487;-0,0327;-0,0039;145,6765;
31920;17,46507;15,0222;1,1862;0,0109;3,2303;269,8635;5,1737;True;True;0,3751;0,7763;0,1455;51,1461;72,3869;49,0371;0,7830;-0,0038;-1,4434;131,1780;True;True;-0,0912;0,7549;0,1916;310,7065;92,1460;227,8042;0,0003;-0,0176;0,0324;145,8517;
31925;17,49007;15,0258;1,1877;0,0210;2,7957;269,7317;4,5733;True;True;0,2939;0,8628;-0,0008;62,7504;40,9265;353,3942;4,5551;-5,3731;4,9570;133,3950;True;True;-0,0898;0,7520;0,1957;309,1807;85,3496;235,7068;0,0313;-0,1835;0,1211;146,5837;
31930;17,51506;15,0291;1,1889;0,0280;2,5723;269,6038;3,9222;True;True;0,3218;0,7909;0,0225;72,7841;24,9031;312,9408;1,1601;-1,8332;-0,9651;-174,9277;True;True;-0,0886;0,7495;0,1992;307,0826;90,0105;231,2914;0,1699;0,0397;0,1029;148,3206;
31935;17,54006;15,0315;1,1907;0,0323;2,2259;269,6928;3,3111;True;True;0,3236;0,8030;0,0262;56,4890;49,0571;337,8731;-0,0466;0,4771;0,4760;-177,2157;True;True;-0,0896;0,7423;0,1967;303,6947;76,7504;239,9630;-0,0051;-0,1611;-0,3839;150,5673;
31940;17,56506;15,0326;1,1915;0,0338;2,1413;269,9525;3,4570;True;True;0,3212;0,8093;0,0339;56,9399;41,7144;332,1833;0,0890;0,2181;0,2479;-174,6820;True;True;-0,0961;0,7361;0,1934;304,1659;91,5061;226,3750;-0,1812;-0,0609;0,0178;152,6599;
31945;17,59005;15,0322;1,1915;0,0326;2,0121;269,6778;3,3185;True;True;0,3223;0,8125;0,0370;62,0425;43,3103;333,0547;-0,0678;0,2391;0,0343;-174,3373;True;True;-0,0952;0,7350;0,1938;301,4482;88,7768;230,4443;0,2249;-0,2421;-0,0264;154,4137;
31950;17,61505;15,0310;1,1909;0,0322;2,2121;269,8279;3,2745;True;True;0,3217;0,8132;0,0346;63,0855;52,7215;340,4929;-0,0953;0,0192;-0,0102;174,8667;True;True;-0,0956;0,7346;0,1952;301,7718;91,1009;228,4662;-0,0137;0,0143;0,0558;155,6079;
31955;17,64004;15,0301;1,1905;0,0315;2,3626;270,1663;3,5356;True;True;0,3207;0,8165;0,0353;62,1555;51,8333;342,1430;-0,0132;0,1494;0,0278;174,0250;True;True;-0,0973;0,7344;0,1945;300,7722;97,1128;222,8778;0,0449;0,0140;-0,0423;157,1512;
31960;17,66504;15,0297;1,1904;0,0294;2,4403;270,2879;3,9923;True;True;0,3203;0,8159;0,0348;63,2878;53,2853;342,7167;-0,0863;-0,0965;-0,0919;173,4361;True;True;-0,0983;0,7349;0,1938;297,3994;84,1001;234,8358;-0,0447;0,0250;-0,0300;156,5497;
31965;17,69003;15,0303;1,1904;0,0284;2,3703;270,5963;4,5024;True;True;0,3214;0,8164;0,0338;64,1746;62,9427;352,0725;0,1224;0,0058;-0,0630;172,6417;True;True;-0,0986;0,7368;0,1928;302,6680;98,1982;221,3060;-0,0010;-0,0265;-0,0033;157,6859;
31970;17,71503;15,0317;1,1909;0,0281;2,3687;270,3430;4,2587;True;True;0,3210;0,7827;0,0353;62,3324;67,2448;356,2088;-0,0753;-1,9835;0,0228;170,7131;True;True;-0,0980;0,7364;0,1917;303,2242;100,1790;218,7091;0,0706;0,0750;-0,0215;158,1382;
31975;17,74003;15,0339;1,1933;0,0319;1,7981;269,4371;2,7507;True;True;0,3211;0,7813;0,0326;62,7580;52,6803;336,6989;-0,1129;0,0915;-0,0199;175,6618;True;True;-0,0958;0,7395;0,1901;303,4851;98,6782;220,0389;0,2398;0,1826;0,0415;158,8697;
31980;17,76502;15,0370;1,1958;0,0404;359,9352;268,4210;0,4986;True;True;0,3556;0,8099;0,0181;60,9524;49,2196;339,9322;0,9399;2,1992;-0,9083;175,0701;True;True;-0,1021;0,7426;0,1887;299,2111;85,9039;231,3335;-0,7425;0,0824;0,1280;157,3424;
31985;17,79002;15,0391;1,1969;0,0441;358,4735;269,4146;4,9344;True;True;0,3673;0,8197;0,0128;60,0398;46,8468;338,1018;0,7068;-0,2291;0,2406;170,0137;True;True;-0,1207;0,7422;0,1846;296,2245;60,6553;251,6750;-0,2691;0,0020;-0,4494;154,7840;
31990;17,81501;15,0451;1,1978;0,0492;358,5077;271,3755;9,1546;True;True;0,3661;0,8422;0,0445;53,6841;46,0126;328,6692;-1,8706;3,2020;3,1584;-176,4309;True;True;-0,1295;0,7382;0,1797;292,6982;66,6265;247,2428;0,1300;0,1358;-0,0634;156,4928;
31995;17,84001;15,0520;1,2009;0,0612;358,8182;273,0273;4,2915;True;True;0,3382;1,0410;0,1638;38,5961;30,7690;321,0309;0,2778;8,2790;5,6651;-176,8423;True;True;-0,1199;0,7506;0,1816;289,4444;99,3480;222,1394;0,6437;0,3210;0,4227;156,5078;
32000;17,86501;15,0504;1,2041;0,0810;358,0472;275,3183;356,7284;True;True;0,3526;1,2287;0,1781;21,4051;16,0810;318,5140;0,2263;12,4986;-3,3822;-166,7818;True;True;-0,1305;0,7520;0,1639;282,1497;96,5617;222,0466;-1,2088;0,3527;-2,6750;160,2881;
32005;17,89;15,0491;1,2102;0,0971;355,6835;282,5248;353,6231;True;True;0,0000;0,0000;0,0000;0,0000;90,0000;0,0000;0,0000;0,0000;0,0000;-157,6286;True;True;-0,1608;0,7578;0,1136;288,6481;52,1553;266,2087;-2,3992;-1,1037;-2,9254;151,3644;
32010;17,915;15,0528;1,2093;0,0962;356,0297;286,9757;353,2688;True;True;0,0000;0,0000;0,0000;0,0000;90,0000;0,0000;-60,0649;-284,9180;-48,5266;167,2645;True;True;-0,1671;0,7322;0,1004;297,2829;32,3524;279,8813;0,3903;-0,1068;0,1638;141,6476;
32015;17,93999;15,0594;1,2065;0,0807;355,5730;286,8758;356,4818;True;True;0,0000;0,0000;0,0000;0,0000;90,0000;0,0000;-64,6645;-283,6227;-67,3897;156,7717;True;True;-0,1360;0,7457;0,1314;289,3811;53,3122;263,2416;0,6868;0,5070;0,7481;130,9789;
32020;17,96499;15,0614;1,2076;0,0604;355,2038;284,7233;358,5062;True;True;0,0000;0,0000;0,0000;0,0000;90,0000;0,0000;0,0000;0,0000;0,0000;154,8365;True;True;-0,1343;0,7440;0,1358;289,7152;33,5456;286,4758;0,1894;-0,3622;0,0714;127,5678;
32025;17,98998;15,0591;1,2073;0,0400;355,2216;281,4586;0,1262;True;True;0,3257;1,0721;0,1371;12,9935;31,7152;350,2137;2,5547;-4,4916;2,8377;142,9077;True;True;-0,1291;0,7415;0,1364;290,4219;33,6770;284,5887;0,2301;-0,0577;0,1632;141,6979;
32030;18,01498;15,0513;1,2051;0,0187;355,1970;275,2733;3,5111;True;True;0,3082;0,9720;0,0960;31,5597;35,8836;336,1588;-1,7201;-2,1673;-1,6235;160,1672;True;True;-0,1297;0,7446;0,1372;289,5118;66,1633;251,8301;-0,0296;0,3299;0,0532;152,3118;
32035;18,03998;15,0420;1,1998;0,0074;357,0857;271,0906;5,0383;True;True;0,3247;0,9181;0,0965;40,8959;32,6967;338,3822;1,6974;-7,6719;-0,8202;169,6964;True;True;-0,1322;0,7499;0,1468;290,5934;47,8509;271,3696;-0,2491;0,2271;0,7727;153,5501;
32040;18,06497;15,0343;1,1951;0,0036;358,6035;268,8143;5,8461;True;True;0,3462;0,8527;0,0769;42,1273;30,2086;322,8213;-1,1072;1,2895;-0,5155;-170,5702;True;True;-0,1096;0,7605;0,1613;292,5575;55,9724;263,7336;1,4153;0,5449;0,7542;152,8630;
32045;18,08997;15,0316;1,1935;0,0018;359,8984;268,1409;6,9211;True;True;0,3224;0,8665;0,0454;48,0922;30,5409;317,5934;-0,7164;-1,2857;-0,3726;-171,4306;True;True;-0,0958;0,7669;0,1874;295,0807;45,4009;278,9155;0,7338;0,7773;1,6743;150,4084;
32050;18,11496;15,0327;1,1934;0,0001;359,7869;267,6365;6,8740;True;True;0,3119;0,8577;0,0470;56,5455;23,9000;314,5409;0,1036;-0,3077;-0,0700;-174,5549;True;True;-0,0914;0,7688;0,1950;306,5073;4,9737;317,6916;-0,3671;-0,2585;0,1478;149,8473;
32055;18,13996;15,0331;1,1923;-0,0020;359,9398;268,2581;7,7456;True;True;0,3113;0,8412;0,0487;65,5669;17,1040;311,7874;-0,1909;-0,5664;0,0521;-174,2735;True;True;-0,0772;0,7683;0,2153;318,8143;0,2352;320,3666;0,5094;-0,0432;0,5605;146,2419;
32060;18,16496;15,0331;1,1926;-0,0039;0,3447;268,1436;8,2248;True;True;0,2966;0,8330;0,0524;68,8292;13,4599;306,2788;-0,5491;-0,1153;0,1940;-176,5583;True;True;-0,0764;0,7567;0,2145;310,0092;13,4603;309,2052;-0,3101;-0,2039;-0,6135;145,5744;
32065;18,18995;15,0349;1,1924;-0,0054;0,7112;266,8605;7,5358;True;True;0,2975;0,8268;0,0519;63,6488;29,1099;317,2243;-0,1478;-0,1032;-0,0350;-177,3658;True;True;-0,0961;0,7473;0,2009;309,5795;5,5434;315,3462;-0,7586;0,0235;-0,2971;150,0164;
32070;18,21495;15,0367;1,1921;-0,0062;1,0019;265,9215;7,5828;True;True;0,2980;0,8183;0,0534;65,9143;30,0219;318,1662;0,2571;-0,5362;0,0720;-177,7134;True;True;-0,1024;0,7459;0,2000;311,3881;5,6672;314,7120;-0,1484;0,0366;0,0342;149,3234;
32075;18,23994;15,0374;1,1918;-0,0073;1,2384;265,5330;8,1509;True;True;0,2999;0,8189;0,0522;61,5372;42,3379;331,1984;0,1610;0,0156;-0,1482;-179,1772;True;True;-0,1027;0,7434;0,1971;310,1083;0,5981;317,7303;0,0957;-0,0036;-0,1005;150,5392;
32080;18,26494;15,0379;1,1918;-0,0081;1,3423;264,8077;8,4382;True;True;0,3056;0,7783;0,0508;56,7022;59,2505;345,5173;0,4699;-2,7827;-0,1489;177,0785;True;True;-0,0979;0,7508;0,1982;308,0849;8,7107;311,6444;0,3632;0,4646;0,2590;150,4998;
32085;18,28993;15,0371;1,1919;-0,0077;1,3834;263,9597;8,1850;True;True;0,3233;0,7436;0,0523;57,1082;58,0953;341,8610;-0,3134;0,5426;0,1418;-177,8949;True;True;-0,0992;0,7511;0,2000;308,8954;7,1063;316,0393;-0,0707;-0,0595;0,0622;150,2144;
32090;18,31493;15,0348;1,1905;-0,0074;1,7702;263,2827;7,7560;True;True;0,3246;0,7638;0,0539;59,7129;54,4381;339,8397;0,3337;0,8081;-0,1154;-173,7892;True;True;-0,1027;0,7469;0,1984;308,5497;7,1865;314,8132;-0,1559;-0,2974;-0,1659;150,9745;
32095;18,33993;15,0342;1,1898;-0,0088;2,4556;262,1927;7,6901;True;True;0,3216;0,7649;0,0615;61,1393;57,8963;344,5884;-0,1903;0,0535;0,2797;-175,9074;True;True;-0,1031;0,7464;0,1969;311,2915;2,3223;316,9084;-0,0230;0,0575;0,0082;150,7341;
32100;18,36492;15,0378;1,1941;-0,0048;1,6898;262,3513;6,6700;True;True;0,0000;0,0000;0,0000;0,0000;90,0000;0,0000;-63,1316;-153,4644;-15,3846;-177,1233;True;True;-0,1064;0,7466;0,1990;313,0833;0,8353;318,3785;-0,2747;-0,0298;0,0665;149,5346;
32105;18,38992;15,0409;1,1935;0,0000;2,0839;263,7995;7,1921;True;True;0,0000;0,0000;0,0000;0,0000;90,0000;0,0000;0,0000;0,0000;0,0000;-177,4128;True;True;-0,1104;0,7481;0,1977;311,0352;359,7050;318,7030;-0,0790;0,0838;-0,0824;150,3531;
32110;18,41491;15,0392;1,1884;0,0032;3,4586;267,1065;9,1357;True;True;0,3622;0,8050;0,0338;76,5879;59,3386;348,4099;72,4437;161,0016;6,7673;-177,4162;True;True;-0,1127;0,7481;0,1954;309,4013;359,3755;320,0868;0,0428;-0,0486;0,0158;151,1801;
32115;18,43991;15,0356;1,1830;0,0071;5,6355;270,5502;9,5640;True;True;0,3561;0,7982;0,0379;67,5978;52,8950;322,3923;0,6046;3,0550;2,0522;178,4270;True;True;-0,1053;0,7470;0,1992;306,6931;3,8278;318,4250;0,5890;0,0794;0,1903;151,1609;
32120;18,4649;15,0286;1,1800;0,0094;7,2974;273,2533;8,9496;True;True;0,3801;0,8376;0,0928;72,3081;50,7018;327,6921;1,1015;1,6602;2,1172;-177,3048;True;True;-0,1049;0,7456;0,1972;304,6123;4,5806;317,7636;0,0915;0,0199;-0,2695;152,1044;
32125;18,4899;15,0200;1,1765;0,0099;8,5109;276,1023;7,9515;True;True;0,4522;0,7777;0,1653;71,7946;126,5470;32,8826;1,3473;-1,9219;1,8652;177,4321;True;True;-0,1064;0,7453;0,1915;305,0185;4,3906;317,9500;-0,0791;0,0625;-0,2925;151,6550;
32130;18,5149;15,0073;1,1703;0,0125;10,3605;280,5233;7,8202;True;True;0,4353;0,8109;0,1968;58,6521;120,9439;29,9390;-0,2477;0,6357;0,2621;173,2763;True;True;-0,1133;0,7437;0,1948;301,9962;3,5042;320,0629;-0,4426;-0,1161;0,0490;152,5294;
32135;18,53989;14,9954;1,1647;0,0189;10,8503;284,3402;6,8034;True;True;0,4305;0,8248;0,2089;45,4208;115,2625;21,4172;1,0032;-1,2933;0,8795;166,5285;True;True;-0,1193;0,7417;0,1909;297,5047;6,7268;317,2432;-0,0866;-0,1839;-0,2262;153,9464;
32140;18,56489;14,9879;1,1591;0,0282;12,8681;290,6577;7,6832;True;True;0,4587;0,8308;0,2094;52,3096;132,2935;32,3541;1,9956;0,9040;-0,3647;160,8060;True;True;-0,1249;0,7394;0,1901;293,5998;14,6091;310,7318;-0,2317;0,0104;0,0179;154,2338;
32145;18,58988;14,9841;1,1533;0,0378;14,8760;298,3205;9,2347;True;True;0,5270;0,8187;0,2091;49,1991;148,5089;36,2383;3,7745;-0,8459;0,1023;157,8771;True;True;-0,1173;0,7322;0,1958;291,6090;28,0492;298,0759;0,8028;-0,8187;0,7646;147,8060;
32150;18,61488;14,9809;1,1481;0,0487;15,4556;305,6272;11,9110;True;True;0,5376;0,8663;0,1728;50,3632;155,5528;35,1753;-1,8972;2,7123;-4,1961;152,2490;True;True;-0,1012;0,7390;0,2193;295,4813;40,4773;290,2286;0,4544;0,0571;0,7007;141,9976;
32155;18,63988;14,9811;1,1455;0,0537;16,3608;307,4722;12,9234;True;True;0,5490;0,8740;0,1623;52,3128;141,1418;21,4299;0,2637;0,0274;-0,2052;158,2529;True;True;-0,1069;0,7367;0,2085;295,7715;36,9986;297,4104;-0,9206;-0,8801;-0,9204;139,2707;
32160;18,66487;14,9831;1,1466;0,0551;15,9268;306,4007;12,3141;True;True;0,5491;0,8743;0,1622;57,8974;146,7373;28,8680;-0,0087;-0,0098;0,0647;155,8512;True;True;-0,1164;0,7204;0,2042;290,2730;33,2335;298,8668;0,0171;-0,1331;-0,0563;142,7052;
32165;18,68987;14,9847;1,1497;0,0549;15,3289;303,4299;11,2999;True;True;0,5369;0,8638;0,1639;60,6694;129,6773;18,0658;-1,3658;-0,6438;-0,0477;158,4164;True;True;-0,0973;0,7615;0,1769;277,2173;11,4507;319,1455;-2,3164;-13,8838;6,8682;148,8638;
32170;18,71486;14,9862;1,1526;0,0516;14,7718;297,9296;8,7448;True;True;0,4741;0,8652;0,1598;64,6543;109,5163;12,3000;-1,8963;-1,2135;2,1591;160,2371;True;True;-0,1143;0,7268;0,1935;285,2297;6,7663;329,2585;-22,8658;145,3678;38,7066;150,9528;
32175;18,73986;14,9875;1,1574;0,0463;13,0404;293,0656;8,4132;True;True;0,4570;0,8240;0,1487;79,0969;63,8797;340,6555;-3,6402;0,2276;-1,1163;162,0878;True;True;-0,1077;0,6688;0,2401;286,5678;336,0924;20,7751;-2,1624;3,2123;-1,6504;143,1158;
32180;18,76485;14,9885;1,1667;0,0326;9,0690;281,1960;5,8569;True;True;0,3898;0,8174;0,1273;74,1456;82,3812;10,0980;-2,2052;-0,7386;-1,0494;169,4420;True;True;-0,1268;0,7010;0,2108;288,6027;352,8499;347,0726;0,0511;-0,0138;-0,0815;150,3351;
32185;18,78985;14,9958;1,1745;0,0239;6,2530;275,1278;5,0431;True;True;0,3519;0,8233;0,0878;35,4989;56,9379;358,2801;-1,4847;-0,0681;-1,3923;169,7130;True;True;-0,1062;0,7677;0,1597;288,5145;353,0612;330,1846;1,6037;1,3894;0,2291;159,1455;
32190;18,81485;15,0054;1,1785;0,0180;5,1699;273,2652;5,2599;True;True;0,3512;0,7799;0,0679;64,5227;54,8067;350,8356;-0,6139;-2,5793;-1,4479;166,1274;True;True;-0,1097;0,7405;0,1804;293,5008;6,8732;321,5004;0,3821;-0,3788;0,3688;161,4193;
32195;18,83984;15,0159;1,1824;0,0146;4,8208;272,2786;4,9759;True;True;0,3452;0,7460;0,0472;62,7666;54,0477;350,5940;0,0146;-2,2311;-1,4072;-168,7145;True;True;-0,1108;0,7439;0,1834;293,2832;13,1602;317,8482;-0,1052;0,1562;0,0337;159,6583;
32200;18,86484;15,0272;1,1867;0,0143;3,3916;271,8329;4,1225;True;True;0,3449;0,6953;0,0203;61,1697;62,6237;1,8629;-0,6605;-2,5715;-1,7470;-164,5582;True;True;-0,1117;0,7465;0,1815;293,8571;19,7454;309,2936;0,0907;0,0602;-0,3181;157,9675;
32205;18,88983;15,0362;1,1909;0,0142;2,3632;272,7024;4,6397;True;True;0,3109;0,7845;0,0288;67,0534;53,3572;340,4875;-1,5146;-1,2480;-1,0689;-168,6033;True;True;-0,1117;0,7460;0,1769;296,2667;13,6847;309,9463;0,2087;0,0336;-0,3500;158,1522;
32210;18,91483;15,0414;1,1946;0,0124;0,7811;272,7924;5,2911;True;True;0,3129;0,7248;0,0464;65,0928;44,1292;333,2406;0,9326;-4,8979;1,4225;-172,6825;True;True;-0,1039;0,7464;0,1751;297,5097;19,3901;303,6942;-0,1199;-0,0670;0,1208;156,8929;
32215;18,93983;15,0422;1,1953;0,0110;0,2048;272,0784;5,7653;True;True;0,3203;0,8261;0,0137;64,7721;67,3873;351,1990;0,3145;-2,9328;0,6153;-177,1314;True;True;-0,1082;0,7455;0,1779;298,2586;17,0642;307,7151;-0,1912;-0,0268;0,1226;155,4371;
32220;18,96482;15,0399;1,1947;0,0120;0,5177;271,3476;5,8469;True;True;0,3276;0,7795;0,0328;64,7427;64,1302;350,4424;-0,0586;-0,4486;0,0324;177,7182;True;True;-0,1087;0,7460;0,1795;296,5305;28,2104;296,7534;0,0306;0,0290;0,0824;155,1948;
32225;18,98982;15,0375;1,1939;0,0120;0,7780;271,1834;5,6775;True;True;0,3116;0,7658;0,0243;63,4275;51,7452;329,7252;3,0208;3,1303;-0,9248;-172,4657;True;True;-0,1083;0,7453;0,1798;298,6563;22,3688;301,9792;-0,0312;-0,0203;0,0287;153,9206;
32230;19,01481;15,0361;1,1933;0,0107;1,1312;270,3451;5,5900;True;True;0,3243;0,7583;0,0279;60,7252;61,8792;341,5624;0,1536;-0,7743;0,1696;-176,0448;True;True;-0,1079;0,7455;0,1806;300,1875;20,1000;304,2846;-0,0154;-0,0424;-0,0178;153,9480;
32235;19,03981;15,0348;1,1927;0,0103;1,7553;268,6820;5,1974;True;True;0,3105;0,7879;0,0279;66,0299;59,3303;345,4597;-0,7579;-0,1612;0,1481;176,7930;True;True;-0,1092;0,7435;0,1820;299,8396;21,2520;304,3290;-0,1262;-0,1575;0,0157;153,6729;
32240;19,0648;15,0331;1,1914;0,0141;3,0187;264,7715;3,2057;True;True;0,3506;0,8131;0,0243;64,0207;59,7210;347,8958;2,3210;2,1084;-0,2449;178,2435;True;True;-0,1257;0,7419;0,1869;296,2683;20,0656;304,6223;-1,3996;0,0504;0,5598;156,0604;
32245;19,0898;15,0326;1,1877;0,0227;5,9439;255,5658;357,5016;True;True;0,3952;0,8182;0,0113;55,4243;76,8792;1,7159;0,3516;-0,2083;-0,5687;169,8397;True;True;-0,1954;0,7885;0,1827;281,4443;15,8669;297,0490;-3,7041;1,2199;-1,0393;163,1582;
32250;19,1148;15,0316;1,1830;0,0378;7,5856;247,5312;353,2277;True;True;0,4129;0,8214;-0,0094;45,8477;88,8047;355,8900;-0,0516;0,0112;-0,2608;168,9233;True;True;-0,2633;0,7902;0,1953;273,3871;313,1323;345,2127;-2,7006;-0,9231;0,7928;170,2602;
32255;19,13979;15,0237;1,1788;0,0503;5,7539;245,8713;354,0865;True;True;0,4233;0,8389;-0,0176;41,9421;85,9422;350,6009;1,0308;1,1721;-0,1623;165,9528;True;True;-0,3530;0,8190;0,1800;281,5383;78,7907;198,3764;-3,1229;2,7769;-1,0786;171,6879;
32260;19,16479;15,0151;1,1783;0,0569;5,4829;243,1141;352,8491;True;True;0,0000;0,0000;0,0000;0,0000;90,0000;0,0000;0,0000;0,0000;0,0000;165,3842;True;True;-0,4216;0,8472;0,1745;280,9394;42,3816;221,9082;-3,0636;3,3595;-0,0083;169,9114;
32265;19,18978;15,0121;1,1759;0,0626;6,9746;237,6623;348,6754;True;True;0,0000;0,0000;0,0000;0,0000;90,0000;0,0000;0,0000;0,0000;0,0000;161,4996;True;True;-0,4733;0,8656;0,1337;286,0010;322,9650;290,8564;0,4467;0,6663;-1,3839;156,5966;
32270;19,21478;15,0109;1,1677;0,0673;9,1401;234,9520;346,0717;True;True;0,0000;0,0000;0,0000;0,0000;90,0000;0,0000;0,0000;0,0000;0,0000;160,8224;True;True;-0,5046;0,8567;0,1204;290,1851;317,8686;284,3094;-1,5403;-2,2407;0,5455;153,7206;
32275;19,23977;15,0084;1,1606;0,0642;10,9142;232,3285;343,9824;True;True;0,0000;0,0000;0,0000;0,0000;90,0000;0,0000;0,0000;0,0000;0,0000;160,5576;True;True;-0,4752;0,8915;0,1157;304,1116;325,8184;262,4311;2,0811;1,9606;0,4725;139,7537;
32280;19,26477;15,0094;1,1569;0,0554;12,1280;230,3560;343,9823;True;True;0,0000;0,0000;0,0000;0,0000;90,0000;0,0000;0,0000;0,0000;0,0000;160,7569;True;True;-0,4803;0,8692;0,1051;303,1961;314,2343;271,1489;-1,2203;-2,3748;-1,4496;135,4937;
32285;19,28977;15,0099;1,1605;0,0501;11,6770;231,4790;345,5533;True;True;0,0000;0,0000;0,0000;0,0000;90,0000;0,0000;0,0000;0,0000;0,0000;161,7729;True;True;-0,4531;0,8393;0,1098;300,1671;326,9656;264,3682;2,5298;-0,1805;0,2395;142,0940;
32290;19,31476;15,0067;1,1654;0,0491;10,4961;239,1603;349,1410;True;True;0,0000;0,0000;0,0000;0,0000;90,0000;0,0000;0,0000;0,0000;0,0000;163,4141;True;True;-0,3951;0,8470;0,1549;296,6716;330,2487;267,5870;4,8960;0,9488;0,5781;145,6218;
32295;19,33976;15,0050;1,1709;0,0506;8,7222;252,9194;356,6652;True;True;0,0000;0,0000;0,0000;0,0000;90,0000;0,0000;0,0000;0,0000;0,0000;165,3463;True;True;-0,3338;0,8379;0,1650;289,4299;320,7788;299,9373;0,1208;-1,7468;1,6081;145,8121;
32300;19,36475;15,0086;1,1762;0,0445;7,2417;259,8751;359,8919;True;True;0,0000;0,0000;0,0000;0,0000;90,0000;0,0000;0,0000;0,0000;0,0000;167,9687;True;True;-0,2397;0,8119;0,2180;274,4180;166,0484;130,5180;2,1655;-0,9896;1,2977;162,9100;
32305;19,38975;15,0124;1,1780;0,0317;6,4248;261,7905;3,3057;True;True;0,0000;0,0000;0,0000;0,0000;90,0000;0,0000;0,0000;0,0000;0,0000;170,2826;True;True;-0,0947;0,8281;0,1892;281,4865;280,3108;28,1989;0,9897;0,7602;1,0327;165,1334;
32310;19,41475;15,0136;1,1790;0,0196;5,6755;262,4850;6,5576;True;True;0,0000;0,0000;0,0000;0,0000;90,0000;0,0000;0,0000;0,0000;0,0000;173,1872;True;True;-0,0774;0,7878;0,2136;274,5365;11,8697;317,0315;0,8694;-2,7653;1,7833;162,7020;
32315;19,43974;15,0154;1,1800;0,0086;4,7718;261,7094;8,0440;True;True;0,0000;0,0000;0,0000;0,0000;90,0000;0,0000;0,0000;0,0000;0,0000;174,4460;True;True;-0,0771;0,7610;0,2237;278,7838;34,6199;298,8567;-0,2276;0,3846;-0,8357;159,4048;
32320;19,46474;15,0194;1,1824;0,0020;4,4407;261,4688;8,1832;True;True;0,0000;0,0000;0,0000;0,0000;90,0000;0,0000;0,0000;0,0000;0,0000;175,2207;True;True;-0,1018;0,7684;0,2125;285,2055;19,5609;311,0510;-1,5784;0,1104;-0,5812;155,7014;
32325;19,48973;15,0257;1,1858;-0,0022;3,7187;261,0588;7,5675;True;True;0,0000;0,0000;0,0000;0,0000;90,0000;0,0000;0,0000;0,0000;0,0000;175,7629;True;True;-0,1093;0,7579;0,2107;298,9287;353,8363;333,8279;-0,2866;-0,0429;-0,2220;155,1867;
32330;19,51473;15,0307;1,1869;-0,0042;3,3017;262,2718;7,6077;True;True;0,3454;0,8179;-0,0099;77,1642;36,6076;319,1865;69,0816;163,5774;-1,9707;176,2197;True;True;-0,1219;0,7554;0,2049;294,2216;349,5125;337,8745;-0,2172;-0,0899;-0,2957;156,8964;
32335;19,53972;15,0345;1,1886;-0,0052;2,8096;263,0075;8,2796;True;True;0,3207;0,7989;-0,0074;80,5717;53,4732;328,4477;-0,0636;0,0844;-0,2149;175,6779;True;True;-0,1200;0,7613;0,1994;288,6353;354,1727;331,3453;0,0522;0,0658;-0,0255;160,5738;
32340;19,56472;15,0366;1,1890;-0,0039;2,4497;263,7297;9,1901;True;True;0,3288;0,8032;-0,0128;77,5843;66,9097;342,0045;0,1864;0,1985;-0,1014;171,7733;True;True;-0,1180;0,7608;0,2007;288,4686;347,3816;340,5922;0,0587;-0,1285;0,2619;160,6177;
32345;19,58972;15,0372;1,1898;-0,0010;2,2227;264,3932;9,5224;True;True;0,3309;0,8028;-0,0145;73,2512;58,9287;332,6721;0,0304;-0,0006;-0,2143;172,9721;True;True;-0,1170;0,7586;0,2060;290,3026;346,3568;341,0576;0,0538;0,1431;0,0902;161,0793;
32350;19,61471;15,0367;1,1905;0,0024;2,0084;264,7621;8,8601;True;True;0,3175;0,8045;-0,0140;72,9664;52,6527;324,9814;-0,3137;-0,0584;0,2354;172,5098;True;True;-0,1163;0,7590;0,2062;291,8887;347,2202;338,9567;-0,1729;-0,0763;-0,1374;160,3525;
32355;19,63971;15,0359;1,1901;0,0052;2,3845;265,6342;8,4421;True;True;0,3162;0,8102;-0,0106;73,6682;61,3738;335,6576;0,1584;0,5592;-0,1082;171,9642;True;True;-0,1196;0,7578;0,2051;287,8135;339,0836;347,3800;-0,4396;-0,1340;-0,1024;162,8897;
32360;19,6647;15,0353;1,1905;0,0073;2,3258;266,3611;8,4089;True;True;0,3214;0,8126;-0,0109;78,9236;57,4500;331,7518;0,2236;0,0646;-0,0300;169,6878;True;True;-0,1193;0,7572;0,2040;286,5444;339,7003;345,6473;0,0625;-0,0266;0,0019;163,5610;
32365;19,6897;15,0345;1,1900;0,0094;2,4523;266,7184;7,6315;True;True;0,3205;0,8120;-0,0109;80,2977;48,4708;322,9087;0,0060;0,0019;-0,0012;170,0800;True;True;-0,1194;0,7579;0,2045;286,6158;336,2858;349,5760;0,0444;0,1467;0,0475;163,9142;
32370;19,71469;15,0341;1,1898;0,0108;2,4152;265,7165;7,2346;True;True;0,3233;0,8135;-0,0107;79,8845;56,6069;333,0125;0,1918;0,1231;0,0010;170,0411;True;True;-0,1224;0,7595;0,2039;286,4671;334,9033;350,7971;-0,0225;0,0540;0,1132;164,2457;
32375;19,73969;15,0368;1,1947;0,0170;0,6138;259,0941;1,0227;True;True;0,3289;0,8172;-0,0156;80,7758;62,6846;341,5287;0,5272;0,2139;-0,4392;169,0777;True;True;-0,1491;0,7715;0,2108;282,2181;334,8936;346,6314;-1,6381;0,5487;0,5221;165,4481;
32380;19,76469;15,0426;1,1998;0,0340;355,9936;251,6174;351,9088;True;True;0,4096;0,8637;-0,0313;63,3996;81,8100;10,6396;2,0996;1,7142;-0,6217;164,1049;True;True;-0,2583;0,8098;0,2200;276,5254;280,9385;30,5160;-3,5705;0,9965;0,1160;174,6359;
32385;19,78968;15,0435;1,2033;0,0465;351,1228;251,4760;349,1784;True;True;0,4441;0,8688;-0,0548;43,7496;86,5211;354,3240;0,2500;-0,5806;-0,4413;159,6427;True;True;-0,3399;0,8510;0,1964;293,4907;265,9997;22,3549;-0,3831;1,1479;-0,5593;172,3964;
32390;19,81468;15,0402;1,2018;0,0448;352,3269;248,2664;349,0834;True;True;0,4735;0,8828;-0,0866;20,9106;88,2794;353,1322;1,0697;0,1376;-0,3509;159,3862;True;True;-0,4202;0,9297;0,1819;295,6445;243,4932;29,3006;-3,5126;6,3161;-0,4129;165,3416;
32395;19,83967;15,0372;1,2008;0,0396;354,9604;244,6578;350,2257;True;True;0,0000;0,0000;0,0000;0,0000;90,0000;0,0000;0,0000;0,0000;0,0000;154,5097;True;True;-0,5396;1,0498;0,1835;291,8453;233,7408;33,2208;-2,7510;1,6341;-0,2028;163,0290;
32400;19,86467;15,0370;1,2049;0,0381;354,5463;242,4799;349,8231;True;True;0,0000;0,0000;0,0000;0,0000;90,0000;0,0000;0,0000;0,0000;0,0000;154,7871;True;True;-0,5424;1,1421;0,1549;287,1031;211,6331;18,5485;3,0714;2,7627;-2,0001;154,7736;
32405;19,88967;15,0443;1,2044;0,0375;353,0494;238,5739;346,2245;True;True;0,0000;0,0000;0,0000;0,0000;90,0000;0,0000;0,0000;0,0000;0,0000;154,8241;True;True;-0,4616;1,2518;0,0959;273,0466;177,1385;36,7221;2,8536;-2,4566;-5,0196;133,0680;
32410;19,91466;15,0572;1,2064;0,0330;351,9749;236,8573;346,3011;True;True;0,0000;0,0000;0,0000;0,0000;90,0000;0,0000;0,0000;0,0000;0,0000;154,4160;True;True;-0,4431;1,2480;0,0770;294,1822;168,5731;57,0520;-0,7857;-1,1800;-0,2996;134,1269;
32415;19,93966;15,0745;1,2141;0,0285;350,4825;234,8227;348,6071;True;True;0,0000;0,0000;0,0000;0,0000;90,0000;0,0000;0,0000;0,0000;0,0000;154,9212;True;True;-0,4578;1,2324;0,0835;296,7209;189,3622;52,1051;-2,7800;0,3514;-0,9605;141,5471;
32420;19,96465;15,0860;1,2192;0,0299;349,7386;235,2785;351,1917;True;True;0,0000;0,0000;0,0000;0,0000;90,0000;0,0000;0,0000;0,0000;0,0000;154,7158;True;True;-0,4923;1,2313;0,0538;289,7374;177,1340;65,7366;-0,1612;-0,3189;-0,2207;143,4140;
32425;19,98965;15,0924;1,2217;0,0310;349,9243;234,8878;352,4428;True;True;0,0000;0,0000;0,0000;0,0000;90,0000;0,0000;0,0000;0,0000;0,0000;154,6008;True;True;-0,4884;1,2011;0,0214;287,4363;171,0719;57,0913;-0,2657;-0,7226;-0,7626;143,0426;
32430;20,01464;15,0969;1,2211;0,0292;349,7365;234,8029;354,4290;True;True;0,0000;0,0000;0,0000;0,0000;90,0000;0,0000;0,0000;0,0000;0,0000;154,7548;True;True;-0,5126;1,1883;0,0435;277,6693;151,4206;71,3641;-0,4289;-0,1046;1,9398;140,5767;
32435;20,03964;15,0990;1,2218;0,0280;349,9077;236,0813;355,4189;True;True;0,0000;0,0000;0,0000;0,0000;90,0000;0,0000;0,0000;0,0000;0,0000;155,0524;True;True;-0,4821;1,1545;0,0785;270,9456;5,0254;218,1070;-0,0631;-1,4646;0,1507;135,5467;
32440;20,06464;15,0965;1,2217;0,0341;350,8359;245,3595;356,9945;True;True;0,0000;0,0000;0,0000;0,0000;90,0000;0,0000;0,0000;0,0000;0,0000;156,4045;True;True;-0,4434;1,0912;0,1613;274,8040;229,4589;6,7819;2,2244;-1,9639;6,4458;136,0608;
32445;20,08963;15,0917;1,2205;0,0415;350,0142;257,1855;0,1781;True;True;0,0000;0,0000;0,0000;0,0000;90,0000;0,0000;0,0000;0,0000;0,0000;158,4995;True;True;-0,3898;0,9749;0,1685;281,4712;205,5599;59,2124;-2,0542;-6,8977;-0,3139;142,9421;
32450;20,11463;15,0845;1,2175;0,0376;350,4991;261,2143;2,1089;True;True;0,0000;0,0000;0,0000;0,0000;90,0000;0,0000;0,0000;0,0000;0,0000;155,0481;True;True;-0,2369;0,8718;0,2091;288,9423;233,1209;70,9849;5,1802;-3,1889;-2,0770;153,1749;
32455;20,13962;15,0702;1,2119;0,0245;352,2109;261,2939;5,5452;True;True;0,0000;0,0000;0,0000;0,0000;90,0000;0,0000;0,0000;0,0000;0,0000;160,2400;True;True;-0,0966;0,8316;0,1894;278,2693;308,2262;9,0373;3,2617;0,5449;0,4513;157,0447;
32460;20,16462;15,0553;1,2064;0,0131;354,0876;261,7232;8,2709;True;True;0,0000;0,0000;0,0000;0,0000;90,0000;0,0000;0,0000;0,0000;0,0000;164,6788;True;True;-0,0621;0,7589;0,1931;275,3736;298,0478;34,4629;2,2447;-3,2839;-0,6880;154,7181;
32465;20,18962;15,0398;1,1991;0,0030;357,5285;262,6578;10,8728;True;True;0,0000;0,0000;0,0000;0,0000;90,0000;0,0000;0,0000;0,0000;0,0000;168,0158;True;True;-0,0483;0,7303;0,1944;289,7367;336,2892;3,0339;-1,0955;0,8941;0,0865;156,7422;
32470;20,21461;15,0355;1,1959;0,0005;358,5063;263,6090;9,7944;True;True;0,0000;0,0000;0,0000;0,0000;90,0000;0,0000;0,0000;0,0000;0,0000;167,6953;True;True;-0,0990;0,7590;0,1994;298,1600;359,7401;331,5707;-1,7939;0,4880;-1,1340;148,6739;
32475;20,23961;15,0368;1,1953;-0,0037;359,5701;264,4795;8,3477;True;True;0,0000;0,0000;0,0000;0,0000;90,0000;0,0000;0,0000;0,0000;0,0000;167,5834;True;True;-0,1081;0,7521;0,1910;308,4752;356,0776;328,3121;-0,0512;-0,0873;-0,1896;145,1485;
32480;20,2646;15,0423;1,1962;-0,0074;359,4933;265,0137;8,4068;True;True;0,0000;0,0000;0,0000;0,0000;90,0000;0,0000;0,0000;0,0000;0,0000;167,9482;True;True;-0,1098;0,7497;0,1874;307,9215;354,4796;326,7455;0,0554;-0,0379;-0,2430;144,6883;
32485;20,2896;15,0475;1,1979;-0,0112;358,9206;264,7251;9,4404;True;True;0,0000;0,0000;0,0000;0,0000;90,0000;0,0000;0,0000;0,0000;0,0000;168,2666;True;True;-0,1009;0,7529;0,1862;303,7756;4,7944;315,9231;0,3286;0,1882;-0,0338;144,1170;
32490;20,31459;15,0497;1,1981;-0,0142;358,9179;263,8665;9,8898;True;True;0,0000;0,0000;0,0000;0,0000;90,0000;0,0000;0,0000;0,0000;0,0000;168,2466;True;True;-0,0971;0,7545;0,1899;310,6013;358,9353;321,1783;0,0097;0,0754;0,1158;142,7956;
32495;20,33959;15,0498;1,1972;-0,0150;359,2890;263,7640;10,3285;True;True;0,0000;0,0000;0,0000;0,0000;90,0000;0,0000;0,0000;0,0000;0,0000;168,6108;True;True;-0,1000;0,7508;0,1926;313,2234;358,4187;321,0240;0,0343;-0,0113;-0,0740;141,0585;
32500;20,36459;15,0473;1,1961;-0,0145;359,6990;264,0084;10,4496;True;True;0,0000;0,0000;0,0000;0,0000;90,0000;0,0000;0,0000;0,0000;0,0000;168,8169;True;True;-0,1017;0,7488;0,1929;313,2792;356,1713;322,0869;-0,0084;-0,2687;0,0410;141,2477;
32505;20,38958;15,0438;1,1938;-0,0131;0,8962;264,1167;9,9711;True;True;0,0000;0,0000;0,0000;0,0000;90,0000;0,0000;0,0000;0,0000;0,0000;168,8974;True;True;-0,0999;0,7471;0,1938;314,0531;354,0879;323,6217;-0,0312;0,0139;-0,0053;141,7718;
32510;20,41458;15,0401;1,1924;-0,0049;3,4320;264,5194;6,5693;True;True;0,0000;0,0000;0,0000;0,0000;90,0000;0,0000;0,0000;0,0000;0,0000;164,7236;True;True;-0,1131;0,7681;0,1894;302,5520;334,9055;344,6280;-0,7638;1,2338;-0,3665;142,9840;
32515;20,43957;15,0379;1,1900;0,0063;4,6254;261,3928;1,8436;True;True;0,0000;0,0000;0,0000;0,0000;90,0000;0,0000;0,0000;0,0000;0,0000;164,1017;True;True;-0,1125;0,7836;0,1955;282,6629;236,7192;75,5900;-0,0639;-0,2627;0,8984;160,8235;
32520;20,46457;15,0367;1,1896;0,0218;3,2814;259,9253;358,8959;True;True;0,0000;0,0000;0,0000;0,0000;90,0000;0,0000;0,0000;0,0000;0,0000;163,7997;True;True;-0,1188;0,7863;0,2135;276,6609;205,3711;104,3890;0,3674;0,7328;0,6474;166,0536;
32525;20,48956;15,0321;1,1905;0,0378;1,2205;261,8482;359,9558;True;True;0,0000;0,0000;0,0000;0,0000;90,0000;0,0000;0,0000;0,0000;0,0000;162,8120;True;True;-0,0905;0,8033;0,2271;280,9168;254,0928;57,7415;0,4755;0,2383;0,3343;164,4459;
32530;20,51456;15,0258;1,1898;0,0429;0,8515;259,2342;1,2905;True;True;0,0000;0,0000;0,0000;0,0000;90,0000;0,0000;0,0000;0,0000;0,0000;162,5920;True;True;-0,0783;0,8275;0,2591;283,1468;253,1470;59,6649;-0,0742;1,0443;3,8720;164,8528;
32535;20,53956;15,0165;1,1857;0,0447;1,6132;254,1976;1,4327;True;True;0,0000;0,0000;0,0000;0,0000;90,0000;0,0000;0,0000;0,0000;0,0000;162,2531;True;True;-0,0983;0,8313;0,3183;288,4968;258,7831;49,6053;0,1218;-0,0394;1,3622;165,9418;
32540;20,56455;15,0041;1,1774;0,0486;3,6009;251,8456;359,3822;True;True;0,0000;0,0000;0,0000;0,0000;90,0000;0,0000;0,0000;0,0000;0,0000;160,2121;True;True;-0,1236;0,8405;0,3347;285,8427;262,2657;39,9924;-0,7394;0,4279;0,5104;166,1412;
32545;20,58955;14,9921;1,1687;0,0539;5,5886;252,1732;357,5816;True;True;0,0000;0,0000;0,0000;0,0000;90,0000;0,0000;0,0000;0,0000;0,0000;158,8444;True;True;-0,1225;0,8431;0,3347;283,2074;252,7222;52,5414;0,1523;-0,1058;-0,0108;166,5370;
32550;20,61454;14,9843;1,1625;0,0572;8,0289;250,9543;356,1576;True;True;0,0000;0,0000;0,0000;0,0000;90,0000;0,0000;0,0000;0,0000;0,0000;158,3885;True;True;-0,1353;0,8337;0,3335;289,4864;299,3271;3,9444;-1,1003;-0,9286;0,0946;162,9351;
32555;20,63954;14,9785;1,1604;0,0597;8,6623;251,1570;355,4351;True;True;0,0000;0,0000;0,0000;0,0000;90,0000;0,0000;0,0000;0,0000;0,0000;158,5971;True;True;-0,1727;0,7920;0,3245;284,4632;310,6308;346,9363;-2,0008;-1,8222;-0,3995;162,6243;
32560;20,66454;14,9736;1,1580;0,0594;8,6852;252,4119;356,0610;True;True;0,0000;0,0000;0,0000;0,0000;90,0000;0,0000;0,0000;0,0000;0,0000;159,0571;True;True;-0,1811;0,7705;0,3058;287,6359;323,1780;333,8170;-0,1258;-1,1273;-1,2175;160,9157;
32565;20,68953;14,9720;1,1574;0,0577;8,5543;256,2975;357,8767;True;True;0,0000;0,0000;0,0000;0,0000;90,0000;0,0000;0,0000;0,0000;0,0000;159,7641;True;True;-0,1610;0,7598;0,2906;290,5667;312,5502;346,4380;0,4848;-0,2901;-0,6146;162,3527;
32570;20,71453;14,9741;1,1597;0,0544;7,9568;259,6370;359,4003;True;True;0,0000;0,0000;0,0000;0,0000;90,0000;0,0000;0,0000;0,0000;0,0000;160,7521;True;True;-0,1434;0,7540;0,2730;285,3363;318,2109;344,8884;0,6550;0,1025;-0,2033;163,2301;
32575;20,73952;14,9781;1,1623;0,0468;7,8933;260,9296;1,0385;True;True;0,0000;0,0000;0,0000;0,0000;90,0000;0,0000;0,0000;0,0000;0,0000;161,5188;True;True;-0,1373;0,7492;0,2752;284,5831;325,2375;344,1922;0,0773;0,0697;-0,0055;162,0410;
32580;20,76452;14,9831;1,1647;0,0378;6,9510;261,7186;2,0516;True;True;0,0000;0,0000;0,0000;0,0000;90,0000;0,0000;0,0000;0,0000;0,0000;162,3199;True;True;-0,1305;0,7598;0,2675;278,8301;309,8179;0,2588;0,0672;0,2061;-0,1654;163,6638;
32585;20,78951;14,9880;1,1661;0,0304;7,3408;263,6116;3,9067;True;True;0,0000;0,0000;0,0000;0,0000;90,0000;0,0000;0,0000;0,0000;0,0000;162,8184;True;True;-0,1211;0,7634;0,2567;280,3397;304,5822;7,4283;0,4270;0,1464;-0,7246;164,3544;
32590;20,81451;14,9916;1,1688;0,0248;6,3634;265,6352;5,4209;True;True;0,0000;0,0000;0,0000;0,0000;90,0000;0,0000;0,0000;0,0000;0,0000;163,6214;True;True;-0,1085;0,7597;0,2371;278,3875;297,6394;16,5792;0,8983;-0,5233;-0,5379;164,9772;
32595;20,83951;14,9941;1,1716;0,0193;5,1014;266,5585;6,5284;True;True;0,0000;0,0000;0,0000;0,0000;90,0000;0,0000;0,0000;0,0000;0,0000;164,7616;True;True;-0,1059;0,7531;0,2290;279,7885;309,7786;7,0825;0,0695;-0,0605;-0,1470;164,4137;
32600;20,8645;14,9953;1,1731;0,0148;4,6052;267,2399;7,3848;True;True;0,0000;0,0000;0,0000;0,0000;90,0000;0,0000;0,0000;0,0000;0,0000;165,6448;True;True;-0,1068;0,7542;0,2268;281,2706;335,5568;348,4272;-0,0568;-0,0365;0,0072;161,7084;
32605;20,8895;14,9960;1,1742;0,0114;3,7928;268,0607;8,5891;True;True;0,0000;0,0000;0,0000;0,0000;90,0000;0,0000;0,0000;0,0000;0,0000;166,1362;True;True;-0,1033;0,7512;0,2242;290,2894;328,5809;352,6516;-0,0689;-0,0274;-0,1119;159,5101;
32610;20,91449;14,9973;1,1749;0,0096;3,2257;268,9626;9,3264;True;True;0,0000;0,0000;0,0000;0,0000;90,0000;0,0000;0,0000;0,0000;0,0000;166,9146;True;True;-0,0994;0,7520;0,2251;295,3718;327,3647;355,9329;0,0094;0,0180;0,1136;161,0648;
32615;20,93949;15,0001;1,1765;0,0085;2,6965;269,3528;9,2200;True;True;0,0000;0,0000;0,0000;0,0000;90,0000;0,0000;0,0000;0,0000;0,0000;167,0634;True;True;-0,0957;0,7551;0,2214;292,8943;334,8072;345,9032;0,0628;0,0039;-0,2869;159,8720;
32620;20,96449;15,0030;1,1791;0,0074;1,8375;270,0598;9,5440;True;True;0,0000;0,0000;0,0000;0,0000;90,0000;0,0000;0,0000;0,0000;0,0000;167,5039;True;True;-0,1001;0,7560;0,2204;298,1453;340,5032;338,1056;-0,1139;0,1574;0,3066;157,9045;
32625;20,98948;15,0050;1,1796;0,0047;1,4762;270,2626;9,8087;True;True;0,0000;0,0000;0,0000;0,0000;90,0000;0,0000;0,0000;0,0000;0,0000;167,6262;True;True;-0,1001;0,7549;0,2217;302,0467;344,7615;336,0883;0,0861;-0,1746;0,0434;155,0872;
32630;21,01448;15,0051;1,1785;0,0017;1,8602;270,3805;10,4764;True;True;0,0000;0,0000;0,0000;0,0000;90,0000;0,0000;0,0000;0,0000;0,0000;167,7388;True;True;-0,0977;0,7543;0,2246;305,2087;342,1065;344,3486;-0,0923;-0,0922;0,0881;153,8495;
32635;21,03947;15,0063;1,1796;0,0005;1,9076;269,9527;10,1970;True;True;0,0000;0,0000;0,0000;0,0000;90,0000;0,0000;0,0000;0,0000;0,0000;167,8829;True;True;-0,1033;0,7504;0,2244;304,5942;345,5353;336,0189;-0,1149;-0,1368;0,0220;153,9066;
32640;21,06447;15,0118;1,1867;0,0059;1,4258;267,6466;5,3269;True;True;0,0000;0,0000;0,0000;0,0000;90,0000;0,0000;0,0000;0,0000;0,0000;167,3218;True;True;-0,1025;0,7527;0,2247;300,3409;332,5764;344,7931;0,0076;0,3857;-0,1154;156,5434;
32645;21,08946;15,0244;1,1968;0,0274;358,3259;264,1915;356,5253;True;True;0,0000;0,0000;0,0000;0,0000;90,0000;0,0000;0,0000;0,0000;0,0000;165,0306;True;True;-0,1195;0,7809;0,2387;276,0547;262,0489;46,6476;-0,2287;1,2072;1,0857;166,2000;
32650;21,11446;15,0382;1,2011;0,0464;355,8977;267,1971;359,2438;True;True;0,0000;0,0000;0,0000;0,0000;90,0000;0,0000;0,0000;0,0000;0,0000;162,9367;True;True;-0,1679;0,8091;0,2369;290,9029;224,7642;78,5704;-0,5164;0,0793;-0,5609;-173,5276;
32655;21,13946;15,0497;1,2023;0,0516;356,0494;268,8606;10,6168;True;True;0,0000;0,0000;0,0000;0,0000;90,0000;0,0000;0,0000;0,0000;0,0000;165,0161;True;True;-0,2122;0,8235;0,2147;281,4479;278,8984;22,8692;-1,9020;-0,2290;-0,1271;167,3058;
32660;21,16445;15,0575;1,2056;0,0616;357,2284;269,8161;10,7638;True;True;0,0000;0,0000;0,0000;0,0000;90,0000;0,0000;0,0000;0,0000;0,0000;165,4652;True;True;-0,3236;0,8580;0,1846;277,1976;88,3144;212,2677;-6,2819;4,6622;-2,5590;155,5154;
32665;21,18945;15,0615;1,2056;0,0763;358,5443;269,6467;2,0326;True;True;0,0000;0,0000;0,0000;0,0000;90,0000;0,0000;0,0000;0,0000;0,0000;163,3292;True;True;-0,3492;0,8670;0,1627;276,0061;98,6560;188,4927;-3,1704;-1,2108;-0,1974;155,2763;
32670;21,21444;15,0603;1,2039;0,0949;358,8148;270,7746;353,1280;True;True;0,0000;0,0000;0,0000;0,0000;90,0000;0,0000;0,0000;0,0000;0,0000;160,9303;True;True;-0,2609;1,0132;0,0505;275,9241;271,7513;20,8062;5,6491;9,1121;-6,5926;153,3678;
32675;21,23944;15,0547;1,2033;0,1058;359,8691;273,3143;348,5015;True;True;0,0000;0,0000;0,0000;0,0000;90,0000;0,0000;0,0000;0,0000;0,0000;156,4475;True;True;-0,3990;0,7938;0,1750;281,4319;296,1847;38,5534;-1,3847;-2,0772;-6,0167;-119,9913;
32680;21,26443;15,0526;1,2005;0,1082;0,3511;279,1611;347,9172;True;True;0,0000;0,0000;0,0000;0,0000;90,0000;0,0000;0,0000;0,0000;0,0000;157,8210;True;True;-0,1662;0,8871;-0,0271;278,3159;328,6138;324,7797;9,6371;-6,0270;1,1740;147,0782;
32685;21,28943;15,0553;1,1986;0,0980;358,9831;284,6779;351,8003;True;True;0,0000;0,0000;0,0000;0,0000;90,0000;0,0000;0,0000;0,0000;0,0000;-165,9886;True;True;-0,1359;0,7109;0,0802;295,9166;346,1860;311,2940;1,7847;-11,9411;3,9812;147,1138;
32690;21,31443;15,0505;1,2021;0,0777;357,3771;285,6737;356,1350;True;True;0,0000;0,0000;0,0000;0,0000;90,0000;0,0000;0,0000;0,0000;0,0000;-167,1429;True;True;-0,0590;0,7221;0,0899;301,4311;353,7850;327,7078;-1,8709;3,1318;-2,3294;156,6337;
32695;21,33942;15,0426;1,2020;0,0571;358,0392;283,2314;358,5344;True;True;0,0000;0,0000;0,0000;0,0000;90,0000;0,0000;0,0000;0,0000;0,0000;-168,6308;True;True;-0,0581;0,7429;0,1335;302,0368;14,6748;328,6429;1,3129;-2,6368;5,1150;151,7590;
32700;21,36442;15,0319;1,2003;0,0354;357,2961;279,0571;0,8360;True;True;0,3029;1,0918;0,0189;20,9411;25,1525;352,9304;-1,2877;-0,1153;-11,2819;167,4854;True;True;-0,0808;0,7371;0,1246;304,4153;346,0149;351,2024;-0,8498;2,4400;-2,9285;156,1338;
32705;21,38941;15,0216;1,1922;0,0190;359,5178;274,7397;2,3036;True;True;0,2900;1,1266;0,1104;24,2451;29,1711;356,6669;-0,8396;0,5039;5,7124;168,1741;True;True;-0,1142;0,7445;0,1146;296,1606;348,3009;339,2179;-1,6293;-0,7382;0,4970;164,4298;
32710;21,41441;15,0142;1,1876;0,0133;0,5406;271,6754;3,4641;True;True;0,0000;0,0000;0,0000;0,0000;90,0000;0,0000;0,0000;0,0000;0,0000;144,8080;True;True;-0,1073;0,7429;0,1090;297,8863;347,5582;340,5134;1,0953;-0,0602;0,1503;148,2662;
32715;21,43941;15,0123;1,1868;0,0160;0,6875;270,9798;4,8488;True;True;0,0000;0,0000;0,0000;0,0000;90,0000;0,0000;0,0000;0,0000;0,0000;153,1363;True;True;-0,0987;0,7383;0,1164;302,5924;348,9987;344,2356;0,3286;-0,0606;0,3510;154,2284;
32720;21,4644;15,0146;1,1861;0,0180;1,2383;269,2607;4,7884;True;True;0,0000;0,0000;0,0000;0,0000;90,0000;0,0000;0,0000;0,0000;0,0000;155,7448;True;True;-0,0863;0,7368;0,1316;300,6465;345,6580;346,4880;0,6232;0,3417;0,5646;157,1346;
32725;21,4894;15,0174;1,1853;0,0185;1,4022;267,6837;4,5323;True;True;0,0000;0,0000;0,0000;0,0000;90,0000;0,0000;0,0000;0,0000;0,0000;156,5410;True;True;-0,0889;0,7547;0,1544;297,8821;345,5199;344,2777;-0,8218;1,2693;0,6661;158,7346;
32730;21,51439;15,0193;1,1858;0,0181;1,6581;267,0681;4,9183;True;True;0,3292;0,7985;0,0355;59,3657;29,9387;322,1346;65,8424;159,6912;7,0908;156,8024;True;True;-0,1112;0,7653;0,1827;289,1737;351,7404;338,7106;-1,1737;0,5491;0,9960;158,2924;
32735;21,53939;15,0184;1,1875;0,0165;1,3891;265,8439;5,0930;True;True;0,3151;0,8009;0,0310;62,7428;46,4936;331,0260;0,0425;-0,2461;0,1178;-175,8838;True;True;-0,1098;0,7503;0,1856;291,5471;348,1328;340,4915;-1,0931;-1,7604;0,0938;164,2212;
32740;21,56438;15,0153;1,1859;0,0154;1,6215;264,5605;4,6107;True;True;0,3206;0,8098;0,0291;60,0418;50,0106;329,0535;0,8837;1,1209;-0,2427;-174,7625;True;True;-0,1035;0,7556;0,1691;292,6152;325,4489;359,2387;0,6265;0,2547;-1,4005;164,2402;
32745;21,58938;15,0134;1,1835;0,0142;2,6431;263,5096;4,2290;True;True;0,3235;0,8139;0,0232;59,8113;61,8378;339,6029;-0,0379;0,0606;-0,3423;174,3466;True;True;-0,1053;0,7552;0,1705;286,1870;295,9115;24,9872;-0,6572;-0,1797;0,4107;171,9881;
32750;21,61438;15,0145;1,1850;0,0144;2,0163;263,4864;4,6051;True;True;0,3211;0,8142;0,0239;63,8235;67,4390;348,7259;-0,0315;0,3934;0,3510;172,2818;True;True;-0,1041;0,7557;0,1696;284,1762;304,3719;17,7871;-0,0083;0,0007;-0,0998;171,9204;
32755;21,63937;15,0180;1,1874;0,0180;1,6066;264,8719;4,6551;True;True;0,3202;0,8175;0,0255;63,5298;65,6103;348,1032;-0,0973;0,2391;-0,0103;171,9387;True;True;-0,1046;0,7520;0,1683;281,8635;307,6807;17,9808;-0,0441;-0,0960;-0,1109;169,7634;
32760;21,66437;15,0211;1,1881;0,0202;1,5384;265,1934;4,5972;True;True;0,3210;0,8201;0,0231;62,5934;68,7285;349,3625;0,0580;0,0000;-0,0904;170,0719;True;True;-0,1034;0,7519;0,1682;281,8577;301,6252;21,5784;0,0057;0,0840;-0,0005;170,4924;
32765;21,68936;15,0251;1,1907;0,0248;1,7037;265,0815;3,4284;True;True;0,3198;0,8236;0,0213;65,6443;70,0434;350,2858;-0,0097;0,2565;-0,1213;168,5032;True;True;-0,1098;0,7548;0,1693;281,6053;299,5564;23,6662;-0,4967;0,1284;0,1326;171,1190;
32770;21,71436;15,0350;1,1979;0,0399;359,7257;263,3781;358,0394;True;True;0,3224;0,8318;0,0146;64,0559;69,3896;348,3398;0,7958;0,2747;-0,5718;167,6659;True;True;-0,1123;0,7563;0,1715;283,2021;295,4712;27,6691;-0,1700;0,0993;0,0962;171,2007;
32775;21,73936;15,0463;1,2010;0,0615;356,1579;261,0644;351,7692;True;True;0,4072;0,8534;-0,0173;52,6552;88,7416;9,1643;3,2966;-1,3089;-1,4098;163,1729;True;True;-0,1555;0,7896;0,1826;287,4903;294,8787;20,4217;-2,5779;1,6518;0,5495;174,9578;
32780;21,76435;15,0525;1,2021;0,0767;354,0421;261,6210;350,5888;True;True;0,4424;0,8293;-0,0526;48,1293;107,8714;15,4646;0,1837;-0,4358;-0,4170;157,7778;True;True;-0,1959;0,8675;0,1948;294,2968;272,1231;29,8700;-0,9133;2,9110;0,6673;175,5572;
32785;21,78935;15,0543;1,2035;0,0809;354,2372;259,6809;352,8886;True;True;0,4754;0,8284;-0,0878;49,2726;116,0944;13,6473;1,2803;-0,7036;-1,1575;153,2089;True;True;-0,2425;0,9447;0,2426;294,5389;239,7404;52,4835;-1,0555;3,4840;2,6269;171,9898;
32790;21,81434;15,0527;1,2058;0,0794;354,1091;257,4432;356,9533;True;True;0,5345;0,8099;-0,1604;46,0017;141,5086;24,0679;-0,6537;0,6528;-0,8497;149,8188;True;True;-0,2524;1,0661;0,2830;295,1854;218,0064;71,8832;-0,8923;4,4678;1,3772;170,7448;
32795;21,83934;15,0512;1,2071;0,0707;354,7674;254,8158;1,9132;True;True;0,0000;0,0000;0,0000;0,0000;90,0000;0,0000;0,0000;0,0000;0,0000;144,5011;True;True;-0,2781;1,1625;0,3349;289,5177;190,7959;104,2148;1,4597;0,3681;-1,2502;157,5293;
32800;21,86433;15,0504;1,2066;0,0611;354,5210;250,9792;3,0154;True;True;0,5290;0,7384;-0,1105;18,8032;175,3484;28,8309;2,7356;-7,7901;-0,6675;142,0567;True;True;-0,2065;1,2354;0,3304;284,0537;173,2956;108,7122;4,8894;3,4755;-2,3389;146,6617;
32805;21,88933;15,0507;1,2062;0,0574;354,8575;249,2970;2,8096;True;True;0,5417;0,6943;-0,1340;13,0048;189,2861;32,6396;0,3920;-2,0694;-1,0250;128,3369;True;True;-0,1387;1,2896;0,3276;295,5507;132,9046;172,4464;3,3685;1,3790;1,0940;139,0250;
32810;21,91433;15,0569;1,2092;0,0543;353,8863;249,6160;5,0013;True;True;0,0000;0,0000;0,0000;0,0000;90,0000;0,0000;0,0000;0,0000;0,0000;129,2336;True;True;-0,0496;1,2871;0,2970;300,0871;145,9874;179,1431;5,3155;0,6591;-2,5979;134,6194;
32815;21,93932;15,0707;1,2159;0,0489;351,4814;250,0746;8,8527;True;True;0,0000;0,0000;0,0000;0,0000;90,0000;0,0000;0,0000;0,0000;0,0000;129,8676;True;True;0,0534;1,2569;0,2273;310,2150;137,3911;197,6673;-0,1989;-2,9576;-3,7647;127,8520;
32820;21,96432;15,0770;1,2158;0,0469;351,9975;250,3661;10,0734;True;True;0,0000;0,0000;0,0000;0,0000;90,0000;0,0000;0,0000;0,0000;0,0000;129,5315;True;True;0,0000;0,0000;0,0000;0,0000;90,0000;180,0000;-16,2444;-243,2612;-39,6917;126,0870;
32825;21,98931;15,0815;1,2147;0,0467;352,1467;252,9453;10,5572;True;True;0,0000;0,0000;0,0000;0,0000;90,0000;0,0000;0,0000;0,0000;0,0000;129,1279;True;True;0,0370;1,1751;0,1570;359,2701;155,2880;193,3477;7,4082;235,0227;31,4034;126,3233;
32830;22,01431;15,0811;1,2144;0,0445;352,0641;254,3682;10,0627;True;True;0,0000;0,0000;0,0000;0,0000;90,0000;0,0000;0,0000;0,0000;0,0000;127,4445;True;True;0,0000;0,0000;0,0000;0,0000;90,0000;180,0000;0,0000;0,0000;0,0000;121,6826;
32835;22,0393;15,0751;1,2149;0,0440;351,9877;255,6701;9,0951;True;True;0,0000;0,0000;0,0000;0,0000;90,0000;0,0000;0,0000;0,0000;0,0000;128,3914;True;True;-0,0254;1,1683;0,2338;343,6462;143,2198;209,4606;-2,3454;-0,7668;3,9945;112,2106;
32840;22,0643;15,0651;1,2122;0,0513;352,9343;257,8207;6,4192;True;True;0,0000;0,0000;0,0000;0,0000;90,0000;0,0000;0,0000;0,0000;0,0000;129,0191;True;True;-0,0261;1,0947;0,2585;333,2444;123,2190;227,2788;-0,7219;-4,1939;0,6486;111,0950;
32845;22,0893;15,0504;1,2049;0,0573;355,0122;261,1708;4,3279;True;True;0,0000;0,0000;0,0000;0,0000;90,0000;0,0000;0,0000;0,0000;0,0000;129,4935;True;True;-0,1105;1,0002;0,2522;327,4036;137,7463;202,8334;-4,3300;-4,7180;1,2959;110,6742;
32850;22,11429;15,0340;1,1961;0,0558;358,5395;263,6419;4,8109;True;True;0,0000;0,0000;0,0000;0,0000;90,0000;0,0000;0,0000;0,0000;0,0000;129,1389;True;True;-0,1362;0,7929;0,2737;301,0611;168,4813;167,6771;-2,1737;-8,1156;0,2849;140,4391;
32855;22,13929;15,0202;1,1877;0,0450;1,2213;263,6599;6,3847;True;True;0,0000;0,0000;0,0000;0,0000;90,0000;0,0000;0,0000;0,0000;0,0000;129,2961;True;True;-0,0978;0,8114;0,1579;279,6552;289,7997;51,5817;1,6216;-0,5183;-2,6817;-146,9960;
32860;22,16428;15,0123;1,1820;0,0291;3,7049;263,3673;7,9917;True;True;0,0000;0,0000;0,0000;0,0000;90,0000;0,0000;0,0000;0,0000;0,0000;129,8711;True;True;-0,0848;0,7180;0,1542;297,6391;298,1207;33,7455;1,6331;-3,1448;-0,4613;152,7962;
32865;22,18928;15,0128;1,1801;0,0171;5,0189;263,0674;8,3816;True;True;0,0000;0,0000;0,0000;0,0000;90,0000;0,0000;0,0000;0,0000;0,0000;130,7803;True;True;-0,0974;0,7049;0,1712;295,1276;330,4258;0,4804;-0,1935;0,2065;0,3772;155,9561;
32870;22,21428;15,0157;1,1829;0,0072;4,1859;264,0562;8,6171;True;True;0,0000;0,0000;0,0000;0,0000;90,0000;0,0000;0,0000;0,0000;0,0000;132,0575;True;True;-0,0905;0,7316;0,1830;297,8445;354,4362;342,9293;0,1973;0,8379;0,3539;146,3535;
32875;22,23927;15,0190;1,1834;-0,0011;4,1061;265,9389;9,5731;True;True;0,0000;0,0000;0,0000;0,0000;90,0000;0,0000;0,0000;0,0000;0,0000;133,0607;True;True;-0,0879;0,7364;0,1800;307,7485;351,6770;346,0867;-0,1341;0,0722;-0,0295;145,7973;
32880;22,26427;15,0209;1,1811;-0,0112;4,6787;265,9440;10,6101;True;True;0,3462;0,7657;0,0180;67,7832;28,1719;288,9738;-0,3231;2,6910;1,1449;-171,6438;True;True;-0,0921;0,7351;0,1712;311,9879;355,5164;337,3151;-0,2863;-0,3108;-0,5775;149,9737;
32885;22,28926;15,0223;1,1792;-0,0207;5,4774;264,7780;12,4315;True;True;0,3504;0,7774;0,0207;80,4845;356,4526;266,9582;-0,1706;0,4012;0,1787;177,0949;True;True;-0,0951;0,7386;0,1589;312,0045;356,3681;329,4732;-0,1988;0,2836;-0,1919;149,8352;
32890;22,31426;15,0232;1,1793;-0,0247;5,0899;264,4308;13,5153;True;True;0,3371;0,7755;0,0303;75,4741;358,2784;271,2560;-0,2681;-0,2462;0,0051;-178,0318;True;True;-0,0939;0,7441;0,1688;300,3922;17,0186;312,9213;-0,0037;0,0191;0,0261;148,4955;
32895;22,33925;15,0222;1,1779;-0,0252;5,4440;264,9827;13,7419;True;True;0,3323;0,7741;0,0282;78,3339;355,6544;270,6216;-0,1608;0,0077;-0,1785;-177,8075;True;True;-0,0861;0,7461;0,1695;300,1725;17,0094;312,7507;0,2766;0,1840;0,1195;148,7835;
32900;22,36425;15,0185;1,1754;-0,0247;5,7692;266,4205;14,1514;True;True;0,3333;0,7734;0,0249;78,9625;63,3215;335,8699;0,3036;0,0565;-0,1498;178,0842;True;True;-0,0828;0,7497;0,1739;294,9937;36,8113;293,7191;0,1536;-0,0449;-0,0651;148,8703;
32905;22,38925;15,0133;1,1692;-0,0253;7,1573;267,6274;15,4611;True;True;0,3308;0,7935;0,0437;74,6407;27,1738;304,2849;-0,0611;0,5104;0,8561;175,2867;True;True;-0,0829;0,7472;0,1719;295,9733;33,4516;296,1220;0,0176;-0,1819;-0,1721;147,1473;
32910;22,41424;15,0102;1,1646;-0,0303;8,3459;268,2143;16,0319;True;True;0,3091;0,8253;0,1009;61,3333;44,3393;327,5500;-1,8506;3,0075;3,2308;177,8396;True;True;-0,0823;0,7432;0,1722;295,1514;31,7595;299,8806;-0,0221;-0,0294;0,0498;147,3159;
32915;22,43924;15,0101;1,1644;-0,0343;9,3695;269,7289;16,0222;True;True;0,2569;0,8644;0,2018;45,7667;35,2383;336,4103;-2,8590;1,8940;5,1838;177,7956;True;True;-0,0745;0,7543;0,1876;291,8956;53,3119;281,3617;0,3627;0,8616;1,2762;143,3859;
32920;22,46423;15,0098;1,1645;-0,0373;10,3574;270,9490;14,8311;True;True;0,1704;0,9830;0,2675;43,1962;10,9027;331,7019;-8,4012;11,4992;-8,7061;-168,8971;True;True;-0,0691;0,7607;0,1929;297,1979;62,1447;272,5582;0,4021;-0,1326;-0,0076;140,2661;
32925;22,48923;15,0068;1,1635;-0,0421;10,4765;271,4356;13,9590;True;True;0,1231;0,9592;0,3461;61,1819;16,7305;324,5823;0,0694;-0,5815;4,0952;-178,2161;True;True;-0,0737;0,7597;0,1913;292,5404;79,5574;256,6987;-0,5002;-0,1163;-0,0871;149,0367;
32930;22,51423;15,0036;1,1616;-0,0499;10,5581;271,2634;13,8296;True;True;0,0888;0,9772;0,3980;70,2335;11,8073;328,7484;-0,9468;-0,5609;2,4880;176,3698;True;True;-0,0764;0,7479;0,1861;293,0585;40,9597;293,0000;0,0069;-0,1687;-0,5817;150,1019;
32935;22,53922;15,0002;1,1576;-0,0592;11,3659;273,2014;14,3039;True;True;0,0882;0,9526;0,3906;70,3415;20,5510;333,1912;0,2256;-0,9104;-0,8151;174,2607;True;True;-0,0699;0,7547;0,1846;302,0776;57,5346;272,0496;0,4305;0,2516;0,0739;147,6964;
32940;22,56422;14,9972;1,1516;-0,0681;12,5483;274,0534;15,2752;True;True;0,0954;0,9288;0,3905;69,9946;33,4000;333,3173;1,6135;0,3594;-1,3737;175,7747;True;True;-0,0611;0,7626;0,1842;304,2805;82,4818;250,1094;-0,1103;0,1557;-0,1287;144,9110;
32945;22,58921;14,9947;1,1465;-0,0715;13,8054;275,4499;16,2697;True;True;0,1287;0,9320;0,3820;71,7953;30,0860;329,9300;1,4990;-0,2250;-0,0244;174,3131;True;True;-0,0657;0,7584;0,1867;303,6933;87,7144;247,8414;-0,2735;-0,2948;0,0945;143,1444;
32950;22,61421;14,9936;1,1458;-0,0722;13,6251;275,9484;17,1049;True;True;0,1599;0,9262;0,3843;71,7724;38,5659;332,1754;0,9925;0,1790;-0,0862;173,7858;True;True;-0,0655;0,7502;0,1860;299,4132;69,4222;264,9628;0,0893;-0,3653;0,0088;143,6145;
32955;22,6392;14,9929;1,1473;-0,0713;12,9675;275,1448;16,9991;True;True;0,1760;0,9225;0,3767;74,4437;25,7661;323,6026;-0,0621;-0,5102;-0,0169;175,0829;True;True;-0,0662;0,7513;0,1911;300,3096;83,9688;253,6891;-0,0805;0,1226;0,3006;145,4073;
32960;22,6642;14,9917;1,1476;-0,0689;12,5666;274,0049;16,8524;True;True;0,1922;0,9061;0,3613;75,9699;19,6204;321,0309;1,7462;-1,2811;-1,6040;177,1603;True;True;-0,0653;0,7517;0,1914;301,8375;97,1791;240,2392;0,0529;-0,0147;-0,0443;146,9707;
32965;22,6892;14,9912;1,1499;-0,0673;12,0224;272,0583;15,9455;True;True;0,2021;0,8781;0,3363;76,0288;21,2763;325,9957;0,3837;-1,3560;-1,4892;175,7178;True;True;-0,0664;0,7518;0,1885;306,0561;101,5882;234,7003;-0,0756;0,0230;-0,2501;146,9951;
32970;22,71419;14,9923;1,1549;-0,0635;10,9605;270,3226;14,7688;True;True;0,2148;0,8535;0,2583;83,0995;321,4644;279,1934;1,9810;-3,4314;0,5253;168,9920;True;True;-0,0675;0,7546;0,1854;312,8400;113,8437;225,4192;0,0662;-0,0538;0,0004;146,5926;
